,level_0,index,studyName,location,latitude,longitude,vegetation,map,mat,grouping,lai,species,speciesMatched,family,pft,growingCondition,status,light,age,a.lf,a.ssba,a.ssbh,a.ssbc,a.shba,a.shbh,a.shbc,a.sbba,a.sbbh,a.sbbc,a.stba,a.stbh,a.stbc,a.cp,a.cs,h.t,h.c,d.ba,d.bh,h.bh,d.cr,c.d,m.lf,m.ss,m.sh,m.sb,m.st,m.so,m.br,m.rf,m.rc,m.rt,m.to,a.ilf,ma.ilf,r.st,r.ss,r.sb,r.sh,n.lf,n.ss,n.sb,n.sh,n.rf,n.rc
0,3428,3428,Brown1978,northern Rocky Mountains U.S.A.,47.44,-115.7,TempF,,,,,Pinus ponderosa,Pinus ponderosa,Pinaceae,EG,FW,3.0,,7.0,,,,,,,,,,,,,,0.18679264509450197,,0.70104,0.0,,,1.3,0.48768,0.70104,0.08400672,,,,,,0.06200712,,,,,,,,,,,,,,,,
1,3455,3455,Brown1978,northern Rocky Mountains U.S.A.,47.44,-115.7,TempF,,,,,Pinus ponderosa,Pinus ponderosa,Pinaceae,EG,FW,1.0,,14.0,,,,,,,,,,,,,,0.236409441447729,,1.18872,0.3048,,,1.3,0.54864,0.88392,0.043999199999999995,,,,,,0.01701,,,,,,,,,,,,,,,,
2,3464,3464,Brown1978,northern Rocky Mountains U.S.A.,47.44,-115.7,TempF,,,,,Pinus ponderosa,Pinus ponderosa,Pinaceae,EG,FW,3.0,,7.0,,,,,,,,,,,,,,0.794598400421532,,1.31064,0.0,,,1.3,1.00584,1.31064,0.24698520000000004,,,,,,0.20597976,,,,,,,,,,,,,,,,
3,3470,3470,Brown1978,northern Rocky Mountains U.S.A.,47.44,-115.7,TempF,,,,,Pinus ponderosa,Pinus ponderosa,Pinaceae,EG,FW,3.0,,11.0,,,,,,,,,,,,,,0.456036731187748,,1.3716,0.0,,,1.3,0.762,1.3716,0.24099768,,,,,,0.19400472,,,,,,,,,,,,,,,,
4,3477,3477,Brown1978,northern Rocky Mountains U.S.A.,47.44,-115.7,TempF,,,,,Pinus ponderosa,Pinus ponderosa,Pinaceae,EG,FW,1.0,,24.0,,,,,,,,,,,,4.56036731187748e-05,,0.263406815934043,,1.40208,0.97536,,0.00762,1.3,0.57912,0.42672,0.06699672,,,,,,0.04799088,,,,,,,,,,,,,,,,
5,3478,3478,Brown1978,northern Rocky Mountains U.S.A.,47.44,-115.7,TempF,,,,,Pinus ponderosa,Pinus ponderosa,Pinaceae,EG,FW,3.0,,6.0,,,,,,,,,,,,,,0.32177951752607503,,1.40208,0.39624000000000004,,,1.3,0.64008,1.00584,0.11902464,,,,,,0.08999424,,,,,,,,,,,,,,,,
6,3488,3488,Brown1978,northern Rocky Mountains U.S.A.,47.44,-115.7,TempF,,,,,Pinus ponderosa,Pinus ponderosa,Pinaceae,EG,FW,1.0,,33.0,,,,,,,,,,,,8.107319665559971e-05,,0.656692892910357,,1.61544,0.67056,,0.010159999999999999,1.3,0.9144,0.9448799999999999,0.07498008,,,,,,0.05298048,,,,,,,,,,,,,,,,
7,3493,3493,Brown1978,northern Rocky Mountains U.S.A.,47.44,-115.7,TempF,,,,,Pinus ponderosa,Pinus ponderosa,Pinaceae,EG,FW,3.0,,7.0,,,,,,,,,,,,0.000182414692475099,,1.2265563922025702,,1.6764,0.1524,,0.01524,1.3,1.24968,1.524,0.47083679999999994,,,,,,0.39703608,,,,,,,,,,,,,,,,
8,3495,3495,Brown1978,northern Rocky Mountains U.S.A.,47.44,-115.7,TempF,,,,,Pinus ponderosa,Pinus ponderosa,Pinaceae,EG,FW,3.0,,6.0,,,,,,,,,,,,0.000248286664757774,,0.794598400421532,,1.7373599999999998,0.42672,,0.01778,1.3,1.00584,1.31064,0.17200512,,,,,,0.1390284,,,,,,,,,,,,,,,,
9,3500,3500,Brown1978,northern Rocky Mountains U.S.A.,47.44,-115.7,TempF,,,,,Pinus ponderosa,Pinus ponderosa,Pinaceae,EG,FW,3.0,,20.0,,,,,,,,,,,,0.000506707479097498,,1.1098109890185,,1.7983200000000001,0.0,,0.0254,1.3,1.18872,1.7983200000000001,1.2841416,,,,,,0.5030424,,,,,,,,,,,,,,,,
10,3503,3503,Brown1978,northern Rocky Mountains U.S.A.,47.44,-115.7,TempF,,,,,Pinus ponderosa,Pinus ponderosa,Pinaceae,EG,FW,3.0,,6.0,,,,,,,,,,,,0.000248286664757774,,1.05362726373617,,1.8288,0.0,,0.01778,1.3,1.15824,1.8288,0.32799816,,,,,,0.26798688,,,,,,,,,,,,,,,,
11,3504,3504,Brown1978,northern Rocky Mountains U.S.A.,47.44,-115.7,TempF,,,,,Pinus ponderosa,Pinus ponderosa,Pinaceae,EG,FW,3.0,,11.0,,,,,,,,,,,,0.000324292786622399,,1.2265563922025702,,1.8592799999999998,0.39624000000000004,,0.020319999999999998,1.3,1.24968,1.46304,0.6259680000000001,,,,,,0.50902992,,,,,,,,,,,,,,,,
12,3518,3518,Brown1978,northern Rocky Mountains U.S.A.,47.44,-115.7,TempF,,,,,Pinus ponderosa,Pinus ponderosa,Pinaceae,EG,FW,1.0,,57.0,,,,,,,,,,,,0.00980985679532756,,1.16745403184063,,11.399519999999999,5.6692800000000005,,0.11175999999999998,1.3,1.2192,5.73024,2.2621032000000003,,,,,,2.578716,,,,,,,,,,,,,,,,
13,3519,3519,Brown1978,northern Rocky Mountains U.S.A.,47.44,-115.7,TempF,,,,,Pinus ponderosa,Pinus ponderosa,Pinaceae,EG,FW,3.0,,59.0,,,,,,,,,,,,0.0207547383438335,,4.10433058068973,,11.46048,4.693919999999999,,0.16255999999999998,1.3,2.286,6.766560000000001,5.19372,,,,,,6.984532799999999,,,,,,,,,,,,,,,,
14,3522,3522,Brown1978,northern Rocky Mountains U.S.A.,47.44,-115.7,TempF,,,,,Pinus ponderosa,Pinus ponderosa,Pinaceae,EG,FW,1.0,,65.0,,,,,,,,,,,,0.0102608264517243,,3.57532797251194,,11.795760000000001,6.27888,,0.1143,1.3,2.1336,5.5168800000000005,1.1548656000000002,,,,,,0.7130592,,,,,,,,,,,,,,,,
15,3523,3523,Brown1978,northern Rocky Mountains U.S.A.,47.44,-115.7,TempF,,,,,Pinus ponderosa,Pinus ponderosa,Pinaceae,EG,FW,3.0,,36.0,,,,,,,,,,,,0.0292674239926715,,26.6186815847364,,11.826239999999999,3.01752,,0.19304000000000002,1.3,5.821680000000001,8.80872,11.652984,,,,,,20.904156,,,,,,,,,,,,,,,,
16,3524,3524,Brown1978,northern Rocky Mountains U.S.A.,47.44,-115.7,TempF,,,,,Pinus ponderosa,Pinus ponderosa,Pinaceae,EG,FW,1.0,,140.0,,,,,,,,,,,,0.0332450777035868,,6.86535936599283,,12.283439999999999,6.797039999999999,,0.20574,1.3,2.9565599999999996,5.4864,3.0051,,,,,,14.9728824,,,,,,,,,,,,,,,,
17,3526,3526,Brown1978,northern Rocky Mountains U.S.A.,47.44,-115.7,TempF,,,,,Pinus ponderosa,Pinus ponderosa,Pinaceae,EG,FW,3.0,,45.0,,,,,,,,,,,,0.0308280830282918,,9.31701283285817,,12.46632,3.81,,0.19812000000000002,1.3,3.44424,8.65632,11.553192,,,,,,22.2254928,,,,,,,,,,,,,,,,
18,3540,3540,Brown1978,northern Rocky Mountains U.S.A.,47.44,-115.7,TempF,,,,,Pinus ponderosa,Pinus ponderosa,Pinaceae,EG,FW,1.0,,105.0,,,,,,,,,,,,0.0591023603619321,,12.906933980768098,,15.331439999999999,7.1628,,0.27432,1.3,4.05384,8.16864,5.066712,,,,,,60.2240184,,,,,,,,,,,,,,,,
19,3541,3541,Brown1978,northern Rocky Mountains U.S.A.,47.44,-115.7,TempF,,,,,Pinus ponderosa,Pinus ponderosa,Pinaceae,EG,FW,3.0,,57.0,,,,,,,,,,,,0.0558644995704991,,12.142251589912501,,15.42288,3.5052,,0.2667,1.3,3.93192,11.91768,18.062352,,,,,,41.445432000000004,,,,,,,,,,,,,,,,
20,3546,3546,Brown1978,northern Rocky Mountains U.S.A.,47.44,-115.7,TempF,,,,,Pinus ponderosa,Pinus ponderosa,Pinaceae,EG,FW,1.0,,76.0,,,,,,,,,,,,0.0392394271813102,,0.747170580378006,,16.398239999999998,11.795760000000001,,0.22351999999999997,1.3,0.97536,4.60248,1.608012,,,,,,8.57000088,,,,,,,,,,,,,,,,
21,3547,3547,Brown1978,northern Rocky Mountains U.S.A.,47.44,-115.7,TempF,,,,,Pinus ponderosa,Pinus ponderosa,Pinaceae,EG,FW,1.0,,75.0,,,,,,,,,,,,0.0194778354965078,,2.2072177789487,,16.428720000000002,10.42416,,0.15748,1.3,1.6764,6.00456,2.447172,,,,,,4.4529912000000005,,,,,,,,,,,,,,,,
22,3564,3564,Brown1978,northern Rocky Mountains U.S.A.,47.44,-115.7,TempF,,,,,Pinus ponderosa,Pinus ponderosa,Pinaceae,EG,FW,1.0,,17.0,,,,,,,,,,,,0.000410433058068973,,0.572052475601911,,2.0726400000000003,0.7924800000000001,,0.02286,1.3,0.85344,1.28016,0.37000152,,,,,,0.31402728,,,,,,,,,,,,,,,,
23,3576,3576,Brown1978,northern Rocky Mountains U.S.A.,47.44,-115.7,TempF,,,,,Pinus ponderosa,Pinus ponderosa,Pinaceae,EG,FW,3.0,,11.0,,,,,,,,,,,,0.00129717114648959,,0.8434855380048589,,2.37744,0.3048,,0.040639999999999996,1.3,1.0363200000000001,2.0726400000000003,1.0178784,,,,,,0.88220664,,,,,,,,,,,,,,,,
24,3593,3593,Brown1978,northern Rocky Mountains U.S.A.,47.44,-115.7,TempF,,,,,Pinus ponderosa,Pinus ponderosa,Pinaceae,EG,FW,1.0,,11.0,,,,,,,,,,,,0.00114009182796937,,0.420283451462628,,2.8346400000000003,0.54864,,0.0381,1.3,0.73152,2.286,0.28200312,,,,,,0.23900184,,,,,,,,,,,,,,,,
25,3595,3595,Brown1978,northern Rocky Mountains U.S.A.,47.44,-115.7,TempF,,,,,Pinus ponderosa,Pinus ponderosa,Pinaceae,EG,FW,1.0,,48.0,,,,,,,,,,,,0.000729658769900397,,0.656692892910357,,2.86512,2.19456,,0.03048,1.3,0.9144,0.67056,0.07089768,,,,,,0.05098464,,,,,,,,,,,,,,,,
26,3602,3602,Brown1978,northern Rocky Mountains U.S.A.,47.44,-115.7,TempF,,,,,Pinus ponderosa,Pinus ponderosa,Pinaceae,EG,FW,3.0,,6.0,,,,,,,,,,,,0.00114009182796937,,1.16745403184063,,2.9565599999999996,0.1524,,0.0381,1.3,1.2192,2.80416,0.4690224,,,,,,0.40601736,,,,,,,,,,,,,,,,
27,3605,3605,Brown1978,northern Rocky Mountains U.S.A.,47.44,-115.7,TempF,,,,,Pinus ponderosa,Pinus ponderosa,Pinaceae,EG,FW,1.0,,43.0,,,,,,,,,,,,0.000506707479097498,,0.8938319931279859,,2.9870400000000004,1.12776,,0.0254,1.3,1.0668,1.8592799999999998,0.21201264,,,,,,0.18202968,,,,,,,,,,,,,,,,
28,3607,3607,Brown1978,northern Rocky Mountains U.S.A.,47.44,-115.7,TempF,,,,,Pinus ponderosa,Pinus ponderosa,Pinaceae,EG,FW,3.0,,85.0,,,,,,,,,,,,0.0647014780059595,,5.02661926584383,,20.29968,10.45464,,0.28702,1.3,2.52984,9.84504,12.782448,,,,,,23.278751999999997,,,,,,,,,,,,,,,,
29,3608,3608,Brown1978,northern Rocky Mountains U.S.A.,47.44,-115.7,TempF,,,,,Pinus ponderosa,Pinus ponderosa,Pinaceae,EG,FW,1.0,,113.0,,,,,,,,,,,,0.0741870420146647,,17.080582144598402,,20.45208,7.101839999999999,,0.30734,1.3,4.6634400000000005,13.35024,8.563968,,,,,,51.1506576,,,,,,,,,,,,,,,,
30,3613,3613,Brown1978,northern Rocky Mountains U.S.A.,47.44,-115.7,TempF,,,,,Pinus ponderosa,Pinus ponderosa,Pinaceae,EG,FW,1.0,,73.0,,,,,,,,,,,,0.0241243430798319,,1.82414692475099,,21.4884,10.9728,,0.17526,1.3,1.524,10.5156,0.36800568,,,,,,13.226976,,,,,,,,,,,,,,,,
31,3614,3614,Brown1978,northern Rocky Mountains U.S.A.,47.44,-115.7,TempF,,,,,Pinus ponderosa,Pinus ponderosa,Pinaceae,EG,FW,3.0,,81.0,,,,,,,,,,,,0.0964973723193275,,23.378996646378603,,21.97608,10.11936,,0.35052,1.3,5.45592,11.85672,38.356415999999996,,,,,,84.23352,,,,,,,,,,,,,,,,
32,3615,3615,Brown1978,northern Rocky Mountains U.S.A.,47.44,-115.7,TempF,,,,,Pinus ponderosa,Pinus ponderosa,Pinaceae,EG,FW,3.0,,87.0,,,,,,,,,,,,0.10217249608521901,,23.640944144772803,,22.067520000000002,4.96824,,0.36068,1.3,5.4864,17.09928,59.8752,,,,,,137.272968,,,,,,,,,,,,,,,,
33,3617,3617,Brown1978,northern Rocky Mountains U.S.A.,47.44,-115.7,TempF,,,,,Pinus ponderosa,Pinus ponderosa,Pinaceae,EG,FW,3.0,,78.0,,,,,,,,,,,,0.0635613861779901,,8.8288711157948,,22.646639999999998,10.3632,,0.28448,1.3,3.3528,12.283439999999999,21.754656,,,,,,45.1803744,,,,,,,,,,,,,,,,
34,3618,3618,Brown1978,northern Rocky Mountains U.S.A.,47.44,-115.7,TempF,,,,,Pinus ponderosa,Pinus ponderosa,Pinaceae,EG,FW,3.0,,210.0,,,,,,,,,,,,0.22559123676899698,,20.593889121668802,,23.37816,14.0208,,0.53594,1.3,5.12064,9.35736,46.40328,,,,,,217.06211519999997,,,,,,,,,,,,,,,,
35,3619,3619,Brown1978,northern Rocky Mountains U.S.A.,47.44,-115.7,TempF,,,,,Pinus ponderosa,Pinus ponderosa,Pinaceae,EG,FW,3.0,,155.0,,,,,,,,,,,,0.167841785376255,,21.0871384501215,,23.439120000000003,9.26592,,0.46228,1.3,5.1816,14.1732,56.65464,,,,,,209.681136,,,,,,,,,,,,,,,,
36,3621,3621,Brown1978,northern Rocky Mountains U.S.A.,47.44,-115.7,TempF,,,,,Pinus ponderosa,Pinus ponderosa,Pinaceae,EG,FW,3.0,,210.0,,,,,,,,,,,,0.299205699332281,,27.745274725462604,,23.83536,11.70432,,0.61722,1.3,5.9436,12.131039999999999,66.40704000000001,,,,,,300.0114936,,,,,,,,,,,,,,,,
37,3622,3622,Brown1978,northern Rocky Mountains U.S.A.,47.44,-115.7,TempF,,,,,Pinus ponderosa,Pinus ponderosa,Pinaceae,EG,FW,3.0,,210.0,,,,,,,,,,,,0.405816952934395,,70.5733258835363,,23.896320000000003,7.833360000000001,,0.71882,1.3,9.479280000000001,16.06296,74.25431999999999,,,,,,624.8507832,,,,,,,,,,,,,,,,
38,3625,3625,Brown1978,northern Rocky Mountains U.S.A.,47.44,-115.7,TempF,,,,,Pinus ponderosa,Pinus ponderosa,Pinaceae,EG,FW,3.0,,100.0,,,,,,,,,,,,0.18679264509450197,,51.240287116255395,,25.146,5.15112,,0.48768,1.3,8.0772,19.99488,88.99632,,,,,,370.22832,,,,,,,,,,,,,,,,
39,3627,3627,Brown1978,northern Rocky Mountains U.S.A.,47.44,-115.7,TempF,,,,,Pinus ponderosa,Pinus ponderosa,Pinaceae,EG,FW,3.0,,72.0,,,,,,,,,,,,0.215026385829814,,52.0166440474294,,26.0604,5.7912,,0.5232399999999999,1.3,8.138160000000001,20.2692,120.92976000000002,,,,,,403.9076664,,,,,,,,,,,,,,,,
40,3628,3628,Brown1978,northern Rocky Mountains U.S.A.,47.44,-115.7,TempF,,,,,Pinus ponderosa,Pinus ponderosa,Pinaceae,EG,FW,3.0,,210.0,,,,,,,,,,,,0.329486538283148,,36.611358438522295,,26.609040000000004,15.118079999999999,,0.6477,1.3,6.82752,11.490960000000001,68.40288000000001,,,,,,429.68031119999995,,,,,,,,,,,,,,,,
41,3635,3635,Brown1978,northern Rocky Mountains U.S.A.,47.44,-115.7,TempF,,,,,Pinus ponderosa,Pinus ponderosa,Pinaceae,EG,FW,3.0,,20.0,,,,,,,,,,,,0.00182921399954197,,2.12768497302956,,3.048,0.9144,,0.048260000000000004,1.3,1.64592,2.1336,1.093176,,,,,,0.9811368,,,,,,,,,,,,,,,,
42,3642,3642,Brown1978,northern Rocky Mountains U.S.A.,47.44,-115.7,TempF,,,,,Pinus ponderosa,Pinus ponderosa,Pinaceae,EG,FW,3.0,,18.0,,,,,,,,,,,,0.00342534255869908,,2.9886823215120204,,3.3528,0.762,,0.06604,1.3,1.95072,2.5908,2.8930607999999998,,,,,,2.65587336,,,,,,,,,,,,,,,,
43,3644,3644,Brown1978,northern Rocky Mountains U.S.A.,47.44,-115.7,TempF,,,,,Pinus ponderosa,Pinus ponderosa,Pinaceae,EG,FW,1.0,,31.0,,,,,,,,,,,,0.00397258663612438,,7.296587699003969,,3.3832800000000005,1.12776,,0.07112,1.3,3.048,2.25552,0.8931384,,,,,,2.58406848,,,,,,,,,,,,,,,,
44,3665,3665,Brown1978,northern Rocky Mountains U.S.A.,47.44,-115.7,TempF,,,,,Pinus ponderosa,Pinus ponderosa,Pinaceae,EG,FW,3.0,,217.0,,,,,,,,,,,,0.496416250197027,,117.329859858754,,34.381440000000005,10.45464,,0.79502,1.3,12.222480000000001,23.9268,95.80032,,,,,,536.97168,,,,,,,,,,,,,,,,
45,3668,3668,Brown1978,northern Rocky Mountains U.S.A.,47.44,-115.7,TempF,,,,,Pinus ponderosa,Pinus ponderosa,Pinaceae,EG,FW,3.0,,181.0,,,,,,,,,,,,0.502780496134492,,87.85748282493691,,36.8808,9.692639999999999,,0.8001,1.3,10.57656,27.188159999999996,184.79664,,,,,,821.138472,,,,,,,,,,,,,,,,
46,3673,3673,Brown1978,northern Rocky Mountains U.S.A.,47.44,-115.7,TempF,,,,,Pinus ponderosa,Pinus ponderosa,Pinaceae,EG,FW,3.0,,16.0,,,,,,,,,,,,0.00693682538884474,,2.6267715716414304,,4.23672,0.70104,,0.09398,1.3,1.8288,3.53568,4.0569983999999994,,,,,,4.38531408,,,,,,,,,,,,,,,,
47,3674,3674,Brown1978,northern Rocky Mountains U.S.A.,47.44,-115.7,TempF,,,,,Pinus ponderosa,Pinus ponderosa,Pinaceae,EG,FW,3.0,,7.0,,,,,,,,,,,,0.00518868458595838,,3.6782098590679,,4.23672,0.0,,0.08127999999999999,1.3,2.16408,4.23672,2.4820992000000004,,,,,,3.43493136,,,,,,,,,,,,,,,,
48,3683,3683,Brown1978,northern Rocky Mountains U.S.A.,47.44,-115.7,TempF,,,,,Pinus ponderosa,Pinus ponderosa,Pinaceae,EG,FW,1.0,,51.0,,,,,,,,,,,,0.00164173223227589,,0.794598400421532,,4.450080000000001,3.4747199999999996,,0.04572,1.3,1.00584,0.97536,0.17699472,,,,,,0.16098264,,,,,,,,,,,,,,,,
49,3686,3686,Brown1978,northern Rocky Mountains U.S.A.,47.44,-115.7,TempF,,,,,Pinus ponderosa,Pinus ponderosa,Pinaceae,EG,FW,3.0,,25.0,,,,,,,,,,,,0.00518868458595838,,2.80480831149713,,4.6634400000000005,1.5544799999999999,,0.08127999999999999,1.3,1.8897599999999999,3.1089599999999997,1.6352280000000001,,,,,,1.44916128,,,,,,,,,,,,,,,,
50,3697,3697,Brown1978,northern Rocky Mountains U.S.A.,47.44,-115.7,TempF,,,,,Pinus ponderosa,Pinus ponderosa,Pinaceae,EG,FW,3.0,,192.0,,,,,,,,,,,,0.5857538458367071,,63.929782783593204,,44.01312,17.8308,,0.8636,1.3,9.02208,26.18232,227.2536,,,,,,1092.5364240000001,,,,,,,,,,,,,,,,
51,3714,3714,Brown1978,northern Rocky Mountains U.S.A.,47.44,-115.7,TempF,,,,,Pinus ponderosa,Pinus ponderosa,Pinaceae,EG,FW,1.0,,48.0,,,,,,,,,,,,0.00731685599816787,,5.522787229376099,,6.614160000000001,2.10312,,0.09652000000000001,1.3,2.65176,4.51104,1.725948,,,,,,6.679940400000001,,,,,,,,,,,,,,,,
52,3727,3727,Brown1978,northern Rocky Mountains U.S.A.,47.44,-115.7,TempF,,,,,Pinus ponderosa,Pinus ponderosa,Pinaceae,EG,FW,3.0,,45.0,,,,,,,,,,,,0.00980985679532756,,2.12768497302956,,8.62584,2.5908,,0.11175999999999998,1.3,1.64592,6.03504,2.918916,,,,,,2.97194184,,,,,,,,,,,,,,,,
53,3728,3728,Brown1978,northern Rocky Mountains U.S.A.,47.44,-115.7,TempF,,,,,Pinus ponderosa,Pinus ponderosa,Pinaceae,EG,FW,1.0,,65.0,,,,,,,,,,,,0.0036938975226207603,,2.12768497302956,,8.62584,5.15112,,0.06858,1.3,1.64592,3.4747199999999996,0.6999048000000001,,,,,,0.66524976,,,,,,,,,,,,,,,,
54,5992,5992,Domec2012,"eastern side of the Oregon Cascade Range, USA on a private forestland (Crown Pacific Co.)",43.53,-122.72,TempF,621.0,7.9,,2.1,Pinus ponderosa,Pinus ponderosa,Pinaceae,EG,FW,3.0,full,260.75,548.52,,0.258,,,0.0241,,,,,,0.309,,,,32.6,18.0,,0.62724079851614,1.3,,14.6,75.39,,,,,,,,,,,0.000155,0.139586303,,440.0,,370.0,,,,,,
55,5993,5993,Domec2012,"eastern side of the Oregon Cascade Range, USA on a private forestland (Crown Pacific Co.)",43.53,-122.72,TempF,621.0,7.9,,2.1,Pinus ponderosa,Pinus ponderosa,Pinaceae,EG,FW,3.0,full,123.0,627.68,,0.191,,,0.00629,,,,,,0.233,,,,33.6,23.5,,0.544669453818821,1.3,,10.1,85.41,,,,,,,,,,,0.000156,0.137429524,,400.0,,350.0,,,,,,
56,5994,5994,Domec2012,"eastern side of the Oregon Cascade Range, USA on a private forestland (Crown Pacific Co.)",43.53,-122.72,TempF,621.0,7.9,,2.1,Pinus ponderosa,Pinus ponderosa,Pinaceae,EG,FW,3.0,full,314.0,593.09,,0.264,,,0.0154,,,,,,0.344,,,,34.1,20.4,,0.6618114560725711,1.3,,13.7,94.95,,,,,,,,,,,0.00016,0.159400061,,460.0,,380.0,,,,,,
57,5995,5995,Domec2012,"eastern side of the Oregon Cascade Range, USA on a private forestland (Crown Pacific Co.)",43.53,-122.72,TempF,621.0,7.9,,2.1,Pinus ponderosa,Pinus ponderosa,Pinaceae,EG,FW,3.0,full,180.25,415.71,,0.261,,,0.0369,,,,,,0.361,,,,31.7,23.2,,0.6779671641380529,1.3,,8.5,62.74,,,,,,,,,,,0.000145,0.154385513,,420.0,,330.0,,,,,,
58,5996,5996,Domec2012,"eastern side of the Oregon Cascade Range, USA on a private forestland (Crown Pacific Co.)",43.53,-122.72,TempF,621.0,7.9,,2.1,Pinus ponderosa,Pinus ponderosa,Pinaceae,EG,FW,3.0,full,273.75,575.45,,0.21,,,0.0284,,,,,,0.29100000000000004,,,,33.5,19.92,,0.608697550116585,1.3,,13.58,83.92,,,,,,,,,,,0.000156,0.143859346,,450.0,,320.0,,,,,,
59,5997,5997,Domec2012,"eastern side of the Oregon Cascade Range, USA on a private forestland (Crown Pacific Co.)",43.53,-122.72,TempF,621.0,7.9,,2.1,Pinus ponderosa,Pinus ponderosa,Pinaceae,EG,FW,3.0,full,178.75,566.09,,0.251,,,0.0152,,,,,,0.28600000000000003,,,,34.2,21.3,,0.603445531754322,1.3,,12.9,83.06,,,,,,,,,,,0.00015900000000000002,0.154543718,,460.0,,320.0,,,,,,
60,5998,5998,Domec2012,"eastern side of the Oregon Cascade Range, USA on a private forestland (Crown Pacific Co.)",43.58,-121.68,TempF,645.0,7.7,,2.25,Pinus ponderosa,Pinus ponderosa,Pinaceae,EG,FW,3.0,full,261.0,537.15,,0.20800000000000002,,,0.0629,,,,,,0.33799999999999997,,,,32.5,19.9,,0.6560144557252421,1.3,,12.6,75.18,,,,,,,,,,,0.000166,0.140773266,,430.0,,360.0,,,,,,
61,5999,5999,Domec2012,"eastern side of the Oregon Cascade Range, USA on a private forestland (Crown Pacific Co.)",43.58,-121.68,TempF,645.0,7.7,,2.25,Pinus ponderosa,Pinus ponderosa,Pinaceae,EG,FW,3.0,full,244.0,971.55,,0.303,,,0.0241,,,,,,0.381,,,,35.75,23.4,,0.6964942688522979,1.3,,12.35,136.33,,,,,,,,,,,0.000167,0.141665565,,440.0,,370.0,,,,,,
62,6000,6000,Domec2012,"eastern side of the Oregon Cascade Range, USA on a private forestland (Crown Pacific Co.)",43.58,-121.68,TempF,645.0,7.7,,2.25,Pinus ponderosa,Pinus ponderosa,Pinaceae,EG,FW,3.0,full,265.0,817.05,,0.32899999999999996,,,0.067,,,,,,0.45799999999999996,,,,33.4,22.7,,0.7636384690995501,1.3,,10.7,112.67,,,,,,,,,,,0.000172,0.138422241,,470.0,,340.0,,,,,,
63,6001,6001,Domec2012,"eastern side of the Oregon Cascade Range, USA on a private forestland (Crown Pacific Co.)",43.58,-121.68,TempF,645.0,7.7,,2.25,Pinus ponderosa,Pinus ponderosa,Pinaceae,EG,FW,3.0,full,267.0,811.25,,0.24600000000000002,,,0.0761,,,,,,0.35600000000000004,,,,34.2,19.57,,0.673255729961296,1.3,,14.63,102.43,,,,,,,,,,,0.00015900000000000002,0.145465592,,490.0,,310.0,,,,,,
64,6002,6002,Domec2012,"eastern side of the Oregon Cascade Range, USA on a private forestland (Crown Pacific Co.)",43.58,-121.68,TempF,645.0,7.7,,2.25,Pinus ponderosa,Pinus ponderosa,Pinaceae,EG,FW,3.0,full,180.0,850.88,,0.251,,,0.0596,,,,,,0.41100000000000003,,,,32.9,21.2,,0.723395778869459,1.3,,11.7,114.06,,,,,,,,,,,0.00015800000000000002,0.134624866,,420.0,,400.0,,,,,,
65,6003,6003,Domec2012,"eastern side of the Oregon Cascade Range, USA on a private forestland (Crown Pacific Co.)",43.58,-121.68,TempF,645.0,7.7,,2.25,Pinus ponderosa,Pinus ponderosa,Pinaceae,EG,FW,3.0,full,243.0,705.9,,0.324,,,0.0553,,,,,,0.495,,,,33.3,23.3,,0.793885114260184,1.3,,10.0,101.56,,,,,,,,,,,0.000154,0.145203901,,410.0,,380.0,,,,,,
66,6004,6004,Domec2012,"eastern side of the Oregon Cascade Range, USA on a private forestland (Crown Pacific Co.)",43.58,-121.68,TempF,645.0,7.7,,2.25,Pinus ponderosa,Pinus ponderosa,Pinaceae,EG,FW,3.0,full,67.0,44.08,,0.0196,,,0.000684,,,,,,0.0288,,,,9.48,1.1,,0.19149229459268802,1.3,,8.38,6.24,,,,,,,,,,,0.00015900000000000002,0.139318004,,390.0,,320.0,,,,,,
67,6005,6005,Domec2012,"eastern side of the Oregon Cascade Range, USA on a private forestland (Crown Pacific Co.)",43.58,-121.68,TempF,645.0,7.7,,2.25,Pinus ponderosa,Pinus ponderosa,Pinaceae,EG,FW,3.0,full,79.0,119.75,,0.067,,,0.0016300000000000002,,,,,,0.0917,,,,15.43,2.08,,0.341695868064298,1.3,,13.35,18.37,,,,,,,,,,,0.000154,0.152166771,,380.0,,350.0,,,,,,
68,6006,6006,Domec2012,"eastern side of the Oregon Cascade Range, USA on a private forestland (Crown Pacific Co.)",43.58,-121.68,TempF,645.0,7.7,,2.25,Pinus ponderosa,Pinus ponderosa,Pinaceae,EG,FW,3.0,full,69.0,41.53,,0.0188,,,0.000736,,,,,,0.0267,,,,12.66,1.87,,0.18437867513470396,1.3,,10.79,6.06,,,,,,,,,,,0.00014199999999999998,0.138939691,,340.0,,310.0,,,,,,
69,6007,6007,Domec2012,"eastern side of the Oregon Cascade Range, USA on a private forestland (Crown Pacific Co.)",43.58,-121.68,TempF,645.0,7.7,,2.25,Pinus ponderosa,Pinus ponderosa,Pinaceae,EG,FW,3.0,full,71.0,51.26,,0.0267,,,0.000175,,,,,,0.0374,,,,9.71,0.75,,0.218218145380019,1.3,,8.96,7.48,,,,,,,,,,,0.000151,0.146649164,,330.0,,360.0,,,,,,
70,6008,6008,Domec2012,"eastern side of the Oregon Cascade Range, USA on a private forestland (Crown Pacific Co.)",43.58,-121.68,TempF,645.0,7.7,,2.25,Pinus ponderosa,Pinus ponderosa,Pinaceae,EG,FW,3.0,full,75.0,84.99,,0.0465,,,0.0010199999999999999,,,,,,0.0661,,,,13.21,1.86,,0.290105384139961,1.3,,11.35,11.84,,,,,,,,,,,0.000149,0.142991728,,370.0,,330.0,,,,,,
71,6009,6009,Domec2012,"eastern side of the Oregon Cascade Range, USA on a private forestland (Crown Pacific Co.)",43.58,-121.68,TempF,645.0,7.7,,2.25,Pinus ponderosa,Pinus ponderosa,Pinaceae,EG,FW,3.0,full,72.0,118.82,,0.0464,,,0.000638,,,,,,0.0637,,,,13.9,1.7,,0.284790026158975,1.3,,12.2,16.72,,,,,,,,,,,0.000147,0.144322877,,360.0,,320.0,,,,,,
72,6010,6010,Domec2012,"eastern side of the Oregon Cascade Range, USA on a private forestland (Crown Pacific Co.)",42.23,-120.07,TempF,620.0,8.1,,1.7,Pinus ponderosa,Pinus ponderosa,Pinaceae,EG,FW,3.0,full,47.0,71.45,,0.0242,,,7.85e-07,,,,,,0.0321,,,,6.8,3.6,,0.20216574731145398,1.3,,3.2,9.06,,,,,,,,,,,0.00013700000000000002,0.127085808,,370.0,,360.0,,,,,,
73,6011,6011,Domec2012,"eastern side of the Oregon Cascade Range, USA on a private forestland (Crown Pacific Co.)",42.23,-120.07,TempF,620.0,8.1,,1.7,Pinus ponderosa,Pinus ponderosa,Pinaceae,EG,FW,3.0,full,40.0,51.21,,0.0122,,,7.07e-06,,,,,,0.0177,,,,4.9,2.5,,0.150121084268041,1.3,,2.4,6.63,,,,,,,,,,,0.000136,0.128605939,,360.0,,350.0,,,,,,
74,6012,6012,Domec2012,"eastern side of the Oregon Cascade Range, USA on a private forestland (Crown Pacific Co.)",42.23,-120.07,TempF,620.0,8.1,,1.7,Pinus ponderosa,Pinus ponderosa,Pinaceae,EG,FW,3.0,full,48.0,13.21,,0.00463,,,3.14e-06,,,,,,0.006529999999999999,,,,3.65,1.65,,0.0911825324671377,1.3,,2.0,1.67,,,,,,,,,,,0.00014,0.126522728,,340.0,,370.0,,,,,,
75,6013,6013,Domec2012,"eastern side of the Oregon Cascade Range, USA on a private forestland (Crown Pacific Co.)",42.23,-120.07,TempF,620.0,8.1,,1.7,Pinus ponderosa,Pinus ponderosa,Pinaceae,EG,FW,3.0,full,35.0,5.01,,0.00358,,,3.89e-06,,,,,,0.0049700000000000005,,,,4.6674,3.0194,,0.0795487305827928,1.3,,1.6480000000000001,0.76,,,,,,,,,,,0.00014099999999999998,0.151686121,,380.0,,350.0,,,,,,
76,6014,6014,Domec2012,"eastern side of the Oregon Cascade Range, USA on a private forestland (Crown Pacific Co.)",42.23,-120.07,TempF,620.0,8.1,,1.7,Pinus ponderosa,Pinus ponderosa,Pinaceae,EG,FW,3.0,full,42.0,7.99,,0.00449,,,3.74e-07,,,,,,0.00627,,,,4.6924,2.8924,,0.0893488217353171,1.3,,1.8,1.02,,,,,,,,,,,0.000149,0.128849476,,300.0,,320.0,,,,,,
77,6015,6015,Domec2012,"eastern side of the Oregon Cascade Range, USA on a private forestland (Crown Pacific Co.)",42.23,-120.07,TempF,620.0,8.1,,1.7,Pinus ponderosa,Pinus ponderosa,Pinaceae,EG,FW,3.0,full,29.0,8.35,,0.00499,,,1.91e-06,,,,,,0.00528,,,,4.235,2.74,,0.0819921020355111,1.3,,1.495,1.18,,,,,,,,,,,0.000131,0.139255517,,340.0,,340.0,,,,,,
78,6016,6016,Domec2012,"eastern side of the Oregon Cascade Range, USA on a private forestland (Crown Pacific Co.)",42.23,-120.07,TempF,620.0,8.1,,1.7,Pinus ponderosa,Pinus ponderosa,Pinaceae,EG,FW,3.0,full,23.0,78.97,,0.0212,,,7.85e-07,,,,,,0.023,,,,4.2,0.55,,0.171127173554958,1.3,,3.65,9.18,,,,,,,,,,,0.000126,0.118822491,,360.0,,380.0,,,,,,
79,6017,6017,Domec2012,"eastern side of the Oregon Cascade Range, USA on a private forestland (Crown Pacific Co.)",42.23,-120.07,TempF,620.0,8.1,,1.7,Pinus ponderosa,Pinus ponderosa,Pinaceae,EG,FW,3.0,full,17.0,65.25,,0.0133,,,7.85e-07,,,,,,0.0141,,,,3.5,1.4,,0.13398760233978999,1.3,,2.1,9.19,,,,,,,,,,,0.000128,0.140054493,,330.0,,340.0,,,,,,
80,6018,6018,Domec2012,"eastern side of the Oregon Cascade Range, USA on a private forestland (Crown Pacific Co.)",42.23,-120.07,TempF,620.0,8.1,,1.7,Pinus ponderosa,Pinus ponderosa,Pinaceae,EG,FW,3.0,full,28.0,15.47,,0.00746,,,5.02e-06,,,,,,0.0081,,,,4.20846,3.11846,,0.101554125038596,1.3,,1.09,2.08,,,,,,,,,,,0.000135,0.131382117,,360.0,,360.0,,,,,,
81,6019,6019,Domec2012,"eastern side of the Oregon Cascade Range, USA on a private forestland (Crown Pacific Co.)",42.23,-120.07,TempF,620.0,8.1,,1.7,Pinus ponderosa,Pinus ponderosa,Pinaceae,EG,FW,3.0,full,16.0,18.58,,0.00971,,,6.759999999999999e-05,,,,,,0.0103,,,,3.2954,3.0194,,0.114517978111614,1.3,,0.276,2.36,,,,,,,,,,,0.000139,0.134546158,,390.0,,330.0,,,,,,
82,6020,6020,Domec2012,"eastern side of the Oregon Cascade Range, USA on a private forestland (Crown Pacific Co.)",42.23,-120.07,TempF,620.0,8.1,,1.7,Pinus ponderosa,Pinus ponderosa,Pinaceae,EG,FW,3.0,full,24.0,9.47,,0.0052,,,3.6000000000000003e-06,,,,,,0.00565,,,,2.99614,2.71714,,0.084816292230642,1.3,,0.27899999999999997,1.28,,,,,,,,,,,0.000138,0.131828849,,340.0,,340.0,,,,,,
83,6670,6670,Garber2005,Pringle Butte and Lookout Mountain,43.78,-121.65,TempF,,,,,Pinus ponderosa,Pinus ponderosa,Pinaceae,EG,PM,,,,54.43,,0.015619999999999998,0.012138,,,,,,,,0.0213824649984955,,10.251708091347599,69.873638030775,10.0,2.8,,0.165,1.37,3.6128769897389597,7.2,7.6,,,,,,14.31,,,,,,,,,,,,,,,,
84,6671,6671,Garber2005,Pringle Butte and Lookout Mountain,43.78,-121.65,TempF,,,,,Pinus ponderosa,Pinus ponderosa,Pinaceae,EG,PM,,,,151.7,,0.063537,0.048124,,,,,,,,0.0804247719318987,,24.192226928049898,136.832298990351,11.6,2.75,,0.32,1.37,5.55,8.85,24.1,,,,,,53.24,,,,,,,,,,,,,,,,
85,6672,6672,Garber2005,Pringle Butte and Lookout Mountain,43.78,-121.65,TempF,,,,,Pinus ponderosa,Pinus ponderosa,Pinaceae,EG,PM,,,,31.36,,0.010265,0.0071189999999999995,,,,,,,,0.0156145008865047,,6.6051985541725395,40.822680461382205,8.05,2.9,,0.141,1.37,2.9,5.15,4.32,,,,,,7.55,,,,,,,,,,,,,,,,
86,6673,6673,Garber2005,Pringle Butte and Lookout Mountain,43.78,-121.65,TempF,,,,,Pinus ponderosa,Pinus ponderosa,Pinaceae,EG,PM,,,,11.82,,0.0050880000000000005,0.0033179999999999998,,,,,,,,0.007542963961269091,,2.26980069221863,13.838159052535,5.42,2.45,,0.098,1.37,1.7,2.97,1.59,,,,,,1.64,,,,,,,,,,,,,,,,
87,6674,6674,Garber2005,Pringle Butte and Lookout Mountain,43.78,-121.65,TempF,,,,,Pinus ponderosa,Pinus ponderosa,Pinaceae,EG,PM,,,,4.64,,0.004222,0.002123,,,,,,,,0.0055417694409324,,2.54469004940773,15.125801450248,6.75,3.7,,0.084,1.37,1.8,3.05,0.7,,,,,,0.46,,,,,,,,,,,,,,,,
88,6675,6675,Garber2005,Pringle Butte and Lookout Mountain,43.78,-121.65,TempF,,,,,Pinus ponderosa,Pinus ponderosa,Pinaceae,EG,PM,,,,14.18,,0.005046,0.0035810000000000004,,,,,,,,0.00708821842466197,,3.33291564619341,21.6933685383615,6.17,2.28,,0.095,1.37,2.06,3.89,1.91,,,,,,2.43,,,,,,,,,,,,,,,,
89,6676,6676,Garber2005,Pringle Butte and Lookout Mountain,43.78,-121.65,TempF,,,,,Pinus ponderosa,Pinus ponderosa,Pinaceae,EG,PM,,,,7.82,,0.004785,0.003105,,,,,,,,0.00679290871522453,,5.15427946668657,35.395700666319996,7.95,2.8,,0.09300000000000001,1.37,2.5617635413132502,5.15,1.19,,,,,,1.66,,,,,,,,,,,,,,,,
90,6677,6677,Garber2005,Pringle Butte and Lookout Mountain,43.78,-121.65,TempF,,,,,Pinus ponderosa,Pinus ponderosa,Pinaceae,EG,PM,,,,107.86,,0.024431,0.022981,,,,,,,,0.0343069771753639,,13.202543126711099,81.1187602228989,8.88,1.65,,0.209,1.37,4.1,7.23,15.3,,,,,,30.96,,,,,,,,,,,,,,,,
91,6678,6678,Garber2005,Pringle Butte and Lookout Mountain,43.78,-121.65,TempF,,,,,Pinus ponderosa,Pinus ponderosa,Pinaceae,EG,PM,,,,39.8,,0.020263,0.011792,,,,,,,,0.0271716348608981,,9.577484498186491,65.5269528348317,10.95,3.96,,0.18600000000000003,1.37,3.49205269178159,6.99,6.21,,,,,,9.41,,,,,,,,,,,,,,,,
92,6679,6679,Garber2005,Pringle Butte and Lookout Mountain,43.78,-121.65,TempF,,,,,Pinus ponderosa,Pinus ponderosa,Pinaceae,EG,PM,,,,13.37,,0.009051,0.005294,,,,,,,,0.0126676869774374,,1.79078635236252,16.2100909802298,8.24,4.1,,0.127,1.37,1.51,4.14,1.8,,,,,,2.26,,,,,,,,,,,,,,,,
93,6680,6680,Garber2005,Pringle Butte and Lookout Mountain,43.78,-121.65,TempF,,,,,Pinus ponderosa,Pinus ponderosa,Pinaceae,EG,PM,,,,108.3,,0.031278,0.023283,,,,,,,,0.040828138126053,,14.522012041218801,82.55700071539592,9.35,2.45,,0.228,1.37,4.3,6.9,17.15,,,,,,29.3,,,,,,,,,,,,,,,,
94,6681,6681,Garber2005,Pringle Butte and Lookout Mountain,43.78,-121.65,TempF,,,,,Pinus ponderosa,Pinus ponderosa,Pinaceae,EG,PM,,,,128.83,,0.033323,0.026510000000000002,,,,,,,,0.0448627284914256,,18.525805786634898,120.00940888024701,11.62,2.5,,0.239,1.37,4.85672611186044,9.12,18.37,,,,,,41.18,,,,,,,,,,,,,,,,
95,6682,6682,Garber2005,Pringle Butte and Lookout Mountain,43.78,-121.65,TempF,,,,,Pinus ponderosa,Pinus ponderosa,Pinaceae,EG,PM,,,,59.1,,0.030074,0.016381,,,,,,,,0.0430052618349907,,6.424242817325769,52.0641375895197,11.59,4.65,,0.23399999999999999,1.37,2.86,6.94,9.22,,,,,,13.04,,,,,,,,,,,,,,,,
96,6683,6683,Garber2005,Pringle Butte and Lookout Mountain,43.78,-121.65,TempF,,,,,Pinus ponderosa,Pinus ponderosa,Pinaceae,EG,PM,,,,25.5,,0.007783,0.006236,,,,,,,,0.0111220233918713,,5.51545860245858,34.7181211536572,7.63,2.82,,0.11900000000000001,1.37,2.65,4.81,3.5,,,,,,4.87,,,,,,,,,,,,,,,,
97,6684,6684,Garber2005,Pringle Butte and Lookout Mountain,43.78,-121.65,TempF,,,,,Pinus ponderosa,Pinus ponderosa,Pinaceae,EG,PM,,,,2.93,,0.001288,0.0011949999999999999,,,,,,,,0.00196349540849362,,3.14159265358979,11.778495799625098,3.26,1.45,,0.05,1.37,2.0,1.81,0.43,,,,,,0.33,,,,,,,,,,,,,,,,
98,6685,6685,Garber2005,Pringle Butte and Lookout Mountain,43.78,-121.65,TempF,,,,,Pinus ponderosa,Pinus ponderosa,Pinaceae,EG,PM,,,,3.75,,0.002081,0.0013189999999999999,,,,,,,,0.00301907054009979,,2.01061929829747,11.838152560694098,5.38,2.7,,0.062,1.37,1.6,2.68,0.49,,,,,,0.44,,,,,,,,,,,,,,,,
99,6686,6686,Garber2005,Pringle Butte and Lookout Mountain,43.78,-121.65,TempF,,,,,Pinus ponderosa,Pinus ponderosa,Pinaceae,EG,PM,,,,26.96,,0.012905000000000002,0.011467,,,,,,,,0.0172033613710577,,6.6051985541725395,48.6610375043486,8.17,1.85,,0.14800000000000002,1.37,2.9,6.32,4.1,,,,,,5.62,,,,,,,,,,,,,,,,
100,6687,6687,Garber2005,Pringle Butte and Lookout Mountain,43.78,-121.65,TempF,,,,,Pinus ponderosa,Pinus ponderosa,Pinaceae,EG,PM,,,,78.83,,0.023653999999999998,0.017505,,,,,,,,0.0339794661412272,,13.7885286964219,81.01069812362391,9.9,2.9,,0.20800000000000002,1.37,4.19,7.0,11.12,,,,,,24.6,,,,,,,,,,,,,,,,
101,6688,6688,Garber2005,Pringle Butte and Lookout Mountain,43.78,-121.65,TempF,,,,,Pinus ponderosa,Pinus ponderosa,Pinaceae,EG,PM,,,,92.47,,0.025234,0.023441999999999998,,,,,,,,0.0373252623173003,,12.0072456618365,89.45155753237431,10.98,2.35,,0.218,1.37,3.91,8.63,14.81,,,,,,24.61,,,,,,,,,,,,,,,,
102,6689,6689,Garber2005,Pringle Butte and Lookout Mountain,43.78,-121.65,TempF,,,,,Pinus ponderosa,Pinus ponderosa,Pinaceae,EG,PM,,,,15.19,,0.004988,0.004417,,,,,,,,0.00723822947387088,,3.80132711084365,19.148443038336698,4.8,1.77,,0.096,1.37,2.2,3.03,2.04,,,,,,2.12,,,,,,,,,,,,,,,,
103,6690,6690,Garber2005,Pringle Butte and Lookout Mountain,43.78,-121.65,TempF,,,,,Pinus ponderosa,Pinus ponderosa,Pinaceae,EG,PM,,,,116.15,,0.031731999999999996,0.022211,,,,,,,,0.0444880935674851,,7.793113276311179,71.2419097139557,11.08,2.35,,0.23800000000000002,1.37,3.15,8.73,16.39,,,,,,39.63,,,,,,,,,,,,,,,,
104,6691,6691,Garber2005,Pringle Butte and Lookout Mountain,43.78,-121.65,TempF,,,,,Pinus ponderosa,Pinus ponderosa,Pinaceae,EG,PM,,,,23.31,,0.008803,0.0070810000000000005,,,,,,,,0.0130698108370969,,4.90873852123405,39.1567610354627,8.46,2.5,,0.129,1.37,2.5,5.96,3.17,,,,,,5.33,,,,,,,,,,,,,,,,
105,6692,6692,Garber2005,Pringle Butte and Lookout Mountain,43.78,-121.65,TempF,,,,,Pinus ponderosa,Pinus ponderosa,Pinaceae,EG,PM,,,,38.46,,0.0151,0.009359000000000001,,,,,,,,0.0206119894002026,,6.834927516966291,46.7972736478197,9.01,3.1,,0.162,1.37,2.95,5.91,5.31,,,,,,8.66,,,,,,,,,,,,,,,,
106,6693,6693,Garber2005,Pringle Butte and Lookout Mountain,43.78,-121.65,TempF,,,,,Pinus ponderosa,Pinus ponderosa,Pinaceae,EG,PM,,,,9.71,,0.003179,0.0029809999999999997,,,,,,,,0.00477836242611008,,2.1382464998495503,16.1537130637858,5.3,1.6,,0.078,1.37,1.65,3.7,1.29,,,,,,1.31,,,,,,,,,,,,,,,,
107,6694,6694,Garber2005,Pringle Butte and Lookout Mountain,43.78,-121.65,TempF,,,,,Pinus ponderosa,Pinus ponderosa,Pinaceae,EG,PM,,,,96.51,,0.038693,0.024591,,,,,,,,0.059395736106931996,,14.8616967468882,99.19438031366501,12.51,4.05,,0.275,1.37,4.35,8.46,13.74,,,,,,29.58,,,,,,,,,,,,,,,,
108,6695,6695,Garber2005,Pringle Butte and Lookout Mountain,43.78,-121.65,TempF,,,,,Pinus ponderosa,Pinus ponderosa,Pinaceae,EG,PM,,,,28.64,,0.007389,0.006647,,,,,,,,0.0107513154587477,,4.33736135736241,29.0020700312175,6.28,1.7,,0.11699999999999999,1.37,2.35,4.58,3.92,,,,,,5.13,,,,,,,,,,,,,,,,
109,6696,6696,Garber2005,Pringle Butte and Lookout Mountain,43.78,-121.65,TempF,,,,,Pinus ponderosa,Pinus ponderosa,Pinaceae,EG,PM,,,,1.0,,0.00021400000000000002,0.00041500000000000006,,,,,,,,0.000314159265358979,,0.9503317777109129,4.2934618178157695,2.11,0.8,,0.02,1.37,1.1,1.31,0.13,,,,,,0.07,,,,,,,,,,,,,,,,
110,6697,6697,Garber2005,Pringle Butte and Lookout Mountain,43.78,-121.65,TempF,,,,,Pinus ponderosa,Pinus ponderosa,Pinaceae,EG,PM,,,,172.64,,0.041632999999999996,0.035757,,,,,,,,0.0559902496704407,,11.762829753387198,92.23252628192509,11.1,2.05,,0.267,1.37,3.87,9.05,27.65,,,,,,59.17,,,,,,,,,,,,,,,,
111,6698,6698,Garber2005,Pringle Butte and Lookout Mountain,43.78,-121.65,TempF,,,,,Pinus ponderosa,Pinus ponderosa,Pinaceae,EG,PM,,,,18.75,,0.014247,0.0075239999999999994,,,,,,,,0.0211240690027378,,4.92741621428832,33.748580886086,9.82,4.8,,0.16399999999999998,1.37,2.5047517197121802,5.02,2.86,,,,,,3.57,,,,,,,,,,,,,,,,
112,6699,6699,Garber2005,Pringle Butte and Lookout Mountain,43.78,-121.65,TempF,,,,,Pinus ponderosa,Pinus ponderosa,Pinaceae,EG,PM,,,,2.96,,0.0008810000000000001,0.00099,,,,,,,,0.0012566370614359198,,1.13097335529233,6.360249468184709,3.16,1.26,,0.04,1.37,1.2,1.9,0.39,,,,,,0.33,,,,,,,,,,,,,,,,
113,6700,6700,Garber2005,Pringle Butte and Lookout Mountain,43.78,-121.65,TempF,,,,,Pinus ponderosa,Pinus ponderosa,Pinaceae,EG,PM,,,,65.98,,0.018077,0.011816,,,,,,,,0.0257304292310638,,8.60490081799878,54.1048373224887,9.45,3.45,,0.18100000000000002,1.37,3.31,6.0,9.24,,,,,,16.42,,,,,,,,,,,,,,,,
114,6701,6701,Garber2005,Pringle Butte and Lookout Mountain,43.78,-121.65,TempF,,,,,Pinus ponderosa,Pinus ponderosa,Pinaceae,EG,PM,,,,88.65,,0.026798000000000002,0.018524000000000002,,,,,,,,0.0394081382466304,,15.552847130678,84.8032213947135,9.93,3.15,,0.22399999999999998,1.37,4.45,6.78,12.54,,,,,,28.53,,,,,,,,,,,,,,,,
115,6702,6702,Garber2005,Pringle Butte and Lookout Mountain,43.78,-121.65,TempF,,,,,Pinus ponderosa,Pinus ponderosa,Pinaceae,EG,PM,,,,161.57,,0.036141,0.029251999999999997,,,,,,,,0.0522792433483877,,19.6349540849362,128.470750062782,12.4,2.9,,0.258,1.37,5.0,9.5,26.03,,,,,,48.52,,,,,,,,,,,,,,,,
116,6703,6703,Garber2005,Pringle Butte and Lookout Mountain,43.78,-121.65,TempF,,,,,Pinus ponderosa,Pinus ponderosa,Pinaceae,EG,PM,,,,21.74,,0.009071,0.008408,,,,,,,,0.0120762821603992,,3.66435367114713,23.360144966061302,5.53,1.55,,0.124,1.37,2.16,3.98,3.32,,,,,,4.35,,,,,,,,,,,,,,,,
117,6704,6704,Garber2005,Pringle Butte and Lookout Mountain,43.78,-121.65,TempF,,,,,Pinus ponderosa,Pinus ponderosa,Pinaceae,EG,PM,,,,78.75,,0.021319,0.018059,,,,,,,,0.0346360590058275,,11.044661672776598,72.91254667551841,9.85,2.65,,0.21,1.37,3.75,7.2,11.09,,,,,,23.32,,,,,,,,,,,,,,,,
118,6705,6705,Garber2005,Pringle Butte and Lookout Mountain,43.78,-121.65,TempF,,,,,Pinus ponderosa,Pinus ponderosa,Pinaceae,EG,PM,,,,291.79,,0.062046000000000004,0.054905999999999996,,,,,,,,0.0819398049890924,,35.3618454486231,200.921272161529,13.08,2.32,,0.32299999999999995,1.37,6.71,10.76,42.42,,,,,,130.42,,,,,,,,,,,,,,,,
119,6706,6706,Garber2005,Pringle Butte and Lookout Mountain,43.78,-121.65,TempF,,,,,Pinus ponderosa,Pinus ponderosa,Pinaceae,EG,PM,,,,127.06,,0.047705000000000004,0.028919,,,,,,,,0.0692791865951255,,15.2745020215699,94.3866867154808,12.13,4.3,,0.297,1.37,4.41,7.83,18.2,,,,,,42.02,,,,,,,,,,,,,,,,
120,6707,6707,Garber2005,Pringle Butte and Lookout Mountain,43.78,-121.65,TempF,,,,,Pinus ponderosa,Pinus ponderosa,Pinaceae,EG,PM,,,,257.51,,0.08408099999999999,0.061097000000000005,,,,,,,,0.11520927119060799,,31.8690227363619,187.064091647075,13.38,2.75,,0.38299999999999995,1.37,6.37,10.63,41.93,,,,,,101.75,,,,,,,,,,,,,,,,
121,6708,6708,Garber2005,Pringle Butte and Lookout Mountain,43.78,-121.65,TempF,,,,,Pinus ponderosa,Pinus ponderosa,Pinaceae,EG,PM,,,,264.22,,0.06312100000000001,0.041127,,,,,,,,0.0819398049890924,,28.9379167905626,174.284189470443,13.7,3.25,,0.32299999999999995,1.37,6.07,10.45,43.29,,,,,,91.69,,,,,,,,,,,,,,,,
122,6709,6709,Garber2005,Pringle Butte and Lookout Mountain,43.78,-121.65,TempF,,,,,Pinus ponderosa,Pinus ponderosa,Pinaceae,EG,PM,,,,31.58,,0.017235,0.012159,,,,,,,,0.0235061816323222,,4.5616710728287195,44.3990494324626,10.5,3.35,,0.17300000000000001,1.37,2.41,7.15,4.89,,,,,,6.71,,,,,,,,,,,,,,,,
123,6710,6710,Garber2005,Pringle Butte and Lookout Mountain,43.78,-121.65,TempF,,,,,Pinus ponderosa,Pinus ponderosa,Pinaceae,EG,PM,,,,29.7,,0.011908,0.011359999999999999,,,,,,,,0.0165129963854313,,6.881344548423081,50.82822636608561,8.34,1.87,,0.145,1.37,2.96,6.47,4.53,,,,,,5.99,,,,,,,,,,,,,,,,
124,6711,6711,Garber2005,Pringle Butte and Lookout Mountain,43.78,-121.65,TempF,,,,,Pinus ponderosa,Pinus ponderosa,Pinaceae,EG,PM,,,,12.79,,0.0067150000000000005,0.005741,,,,,,,,0.00899202357273739,,3.46360590058275,26.661989751630603,6.81,2.0,,0.107,1.37,2.1,4.81,1.9,,,,,,2.11,,,,,,,,,,,,,,,,
125,6712,6712,Garber2005,Pringle Butte and Lookout Mountain,43.78,-121.65,TempF,,,,,Pinus ponderosa,Pinus ponderosa,Pinaceae,EG,PM,,,,58.44,,0.022274000000000002,0.012796,,,,,,,,0.0304805173232916,,5.755282033250821,39.6985678146454,10.77,5.3,,0.19699999999999998,1.37,2.70700067895055,5.47,9.16,,,,,,13.07,,,,,,,,,,,,,,,,
126,6713,6713,Garber2005,Pringle Butte and Lookout Mountain,43.78,-121.65,TempF,,,,,Pinus ponderosa,Pinus ponderosa,Pinaceae,EG,PM,,,,35.67,,0.013803999999999999,0.005675,,,,,,,,0.0229658276959048,,4.56504278710349,31.0888189211287,10.03,5.23,,0.171,1.37,2.4108904993691,4.8,5.67,,,,,,5.25,,,,,,,,,,,,,,,,
127,6714,6714,Garber2005,Pringle Butte and Lookout Mountain,43.78,-121.65,TempF,,,,,Pinus ponderosa,Pinus ponderosa,Pinaceae,EG,PM,,,,104.32,,0.03385,0.027254,,,,,,,,0.0467594650560305,,15.975077183320401,86.9899437867541,9.51,2.65,,0.244,1.37,4.51,6.86,16.52,,,,,,33.45,,,,,,,,,,,,,,,,
128,6715,6715,Garber2005,Pringle Butte and Lookout Mountain,43.78,-121.65,TempF,,,,,Pinus ponderosa,Pinus ponderosa,Pinaceae,EG,PM,,,,238.24,,0.062237,0.057673,,,,,,,,0.0809282121546365,,25.071872871055003,160.60215154098998,12.36,1.89,,0.321,1.37,5.65,10.47,38.4,,,,,,85.02,,,,,,,,,,,,,,,,
129,6716,6716,Garber2005,Pringle Butte and Lookout Mountain,43.78,-121.65,TempF,,,,,Pinus ponderosa,Pinus ponderosa,Pinaceae,EG,PM,,,,95.75,,0.025259999999999998,0.024669,,,,,,,,0.0349667116326178,,18.8574099031727,124.51184443370501,11.66,2.25,,0.21100000000000002,1.37,4.9,9.41,15.1,,,,,,30.92,,,,,,,,,,,,,,,,
130,6717,6717,Garber2005,Pringle Butte and Lookout Mountain,43.78,-121.65,TempF,,,,,Pinus ponderosa,Pinus ponderosa,Pinaceae,EG,PM,,,,4.4,,0.007542,0.003068,,,,,,,,0.00950331777710912,,3.21190688835734,20.7721407807964,8.45,4.66,,0.11,1.37,2.02225786295018,3.79,0.67,,,,,,0.77,,,,,,,,,,,,,,,,
131,6718,6718,Garber2005,Pringle Butte and Lookout Mountain,43.78,-121.65,TempF,,,,,Pinus ponderosa,Pinus ponderosa,Pinaceae,EG,PM,,,,37.0,,0.014663999999999998,0.012416,,,,,,,,0.0169716689128555,,7.793113276311179,61.502813227817605,9.79,2.37,,0.147,1.37,3.15,7.42,5.73,,,,,,8.67,,,,,,,,,,,,,,,,
132,11561,11561,McCulloh2010,,44.0,-123.0,TempF,,,wood.type = conifer,,Pinus ponderosa,Pinus ponderosa,Pinaceae,EG,FW,3.0,,,0.20519528,8.53e-05,,,,,,,,,0.00017813113089193002,,,,,0.62,,0.015059999999999999,,,,,,,,,,,,,,,,,,,,,,,,,,,
133,11562,11562,McCulloh2010,,44.0,-123.0,TempF,,,wood.type = conifer,,Pinus ponderosa,Pinus ponderosa,Pinaceae,EG,FW,3.0,,,0.1204464,4.83e-05,,,,,,,,,6.7055410235282e-05,,,,,0.598,,0.00924,,,,,,,,,,,,,,,,,,,,,,,,,,,
134,11563,11563,McCulloh2010,,44.0,-123.0,TempF,,,wood.type = conifer,,Pinus ponderosa,Pinus ponderosa,Pinaceae,EG,FW,3.0,,,0.21409784,6.69e-05,,,,,,,,,0.000129082073109963,,,,,0.693,,0.012819999999999998,,,,,,,,,,,,,,,,,,,,,,,,,,,
135,11564,11564,McCulloh2010,,44.0,-123.0,TempF,,,wood.type = conifer,,Pinus ponderosa,Pinus ponderosa,Pinaceae,EG,FW,3.0,,,0.1675776,5.489999999999999e-05,,,,,,,,,0.000113852574403156,,,,,0.64,,0.01204,,,,,,,,,,,,,,,,,,,,,,,,,,,
136,11624,11624,Monserud1999,Priest River Experimental Forest,48.35167,-116.835,TempF,,,,,Pinus ponderosa,Pinus ponderosa,Pinaceae,EG,FW,3.0,,95.0,447.76989649999996,,0.223838476,0.106894064,,,,,,,,0.380459437,,24.67600243,264.81680780000005,39.36999864,20.89999864,,0.696,1.3,5.605217400000001,18.47,62.3793946,,,,,,452.42455,,,,,,,,,,,,,,,,
137,11625,11625,Monserud1999,Priest River Experimental Forest,48.35167,-116.835,TempF,,,,,Pinus ponderosa,Pinus ponderosa,Pinaceae,EG,FW,3.0,,95.0,597.8075054,,0.185315481,0.12733424699999998,,,,,,,,0.26804825600000004,,26.11797899,365.3156872,35.809999499999996,10.689999499999999,,0.5842,1.3,5.7666666,25.12,83.1791667,,,,,,595.64015,,,,,,,,,,,,,,,,
138,11626,11626,Monserud1999,Priest River Experimental Forest,48.35167,-116.835,TempF,,,,,Pinus ponderosa,Pinus ponderosa,Pinaceae,EG,FW,3.0,,95.0,216.03069010000002,,0.062349617999999996,0.057943535,,,,,,,,0.086935165,,12.77284289,173.90310480000002,20.80000143,3.72000143,,0.3327,1.3,4.0327272,17.08,29.654557099999998,,,,,,160.44416,,,,,,,,,,,,,,,,
139,11627,11627,Monserud1999,Priest River Experimental Forest,48.35167,-116.835,TempF,,,,,Pinus ponderosa,Pinus ponderosa,Pinaceae,EG,FW,3.0,,95.0,213.4706329,,0.098142569,0.049912053,,,,,,,,0.153438527,,15.34385268,168.9617418,29.11000066,14.14000066,,0.442,1.3,4.42,14.97,28.734367600000002,,,,,,149.72883000000002,,,,,,,,,,,,,,,,
140,11628,11628,Monserud1999,Priest River Experimental Forest,48.35167,-116.835,TempF,,,,,Pinus ponderosa,Pinus ponderosa,Pinaceae,EG,FW,3.0,,95.0,235.37882439999998,,0.036131457,0.019234205,,,,,,,,0.072965877,,8.120216753,92.19346282,22.39999889,11.14999889,,0.3048,1.3,3.2154286,11.25,37.145452299999995,,,,,,44.13532,,,,,,,,,,,,,,,,
141,11629,11629,Monserud1999,Priest River Experimental Forest,48.35167,-116.835,TempF,,,,,Pinus ponderosa,Pinus ponderosa,Pinaceae,EG,FW,3.0,,95.0,81.3366566,,0.029852199,0.012404578999999999,,,,,,,,0.059093743,,5.529342975,64.79710618,27.69000074,18.09000074,,0.2743,1.3,2.6533333999999997,9.6,10.713481,,,,,,22.9836,,,,,,,,,,,,,,,,
142,11630,11630,Monserud1999,Priest River Experimental Forest,48.35167,-116.835,TempF,,,,,Pinus ponderosa,Pinus ponderosa,Pinaceae,EG,FW,3.0,,95.0,160.8347292,,0.08924400800000001,0.039717585,,,,,,,,0.146438461,,15.47034709,171.18946210000001,35.58000047,20.47000047,,0.4318,1.3,4.4381818,15.11,21.2883618,,,,,,106.4041,,,,,,,,,,,,,,,,
143,11631,11631,Monserud1999,Priest River Experimental Forest,48.35167,-116.835,TempF,,,,,Pinus ponderosa,Pinus ponderosa,Pinaceae,EG,FW,3.0,,95.0,109.32950159999999,,0.071138224,0.02588044,,,,,,,,0.118602945,,7.922292425,93.74836812,33.12000106,21.51000106,,0.3886,1.3,3.176,11.61,15.0986437,,,,,,58.24071,,,,,,,,,,,,,,,,
144,11632,11632,Monserud1999,Priest River Experimental Forest,48.35167,-116.835,TempF,,,,,Pinus ponderosa,Pinus ponderosa,Pinaceae,EG,FW,3.0,,95.0,379.9437892,,0.132045066,0.077324805,,,,,,,,0.217135606,,15.94832536,229.1915696,41.16000258,20.97000258,,0.5258,1.3,4.5062222,20.19,52.3947709,,,,,,214.34108999999998,,,,,,,,,,,,,,,,
145,11633,11633,Monserud1999,Priest River Experimental Forest,48.35167,-116.835,TempF,,,,,Pinus ponderosa,Pinus ponderosa,Pinaceae,EG,FW,2.0,,95.0,23.14333056,,0.021413881000000003,0.004391161,,,,,,,,0.034077555,,3.670010493,27.63790786,23.34000042,18.51000042,,0.2083,1.3,2.1616666,4.83,2.9558712000000003,,,,,,8.25614,,,,,,,,,,,,,,,,
146,11634,11634,Monserud1999,Priest River Experimental Forest,48.35167,-116.835,TempF,,,,,Pinus ponderosa,Pinus ponderosa,Pinaceae,EG,FW,3.0,,95.0,48.9541408,,0.028135907,0.013297969,,,,,,,,0.04573035,,3.8744277719999998,63.65503735,25.94000095,14.51000095,,0.2413,1.3,2.2210526,11.43,6.2883452,,,,,,22.601110000000002,,,,,,,,,,,,,,,,
147,11635,11635,Monserud1999,Priest River Experimental Forest,48.35167,-116.835,TempF,,,,,Pinus ponderosa,Pinus ponderosa,Pinaceae,EG,FW,3.0,,95.0,51.09306308,,0.028410797,0.010543185,,,,,,,,0.048656367,,3.151417801,46.28459319,25.11000022,15.93000022,,0.2489,1.3,2.003125,9.18,6.573633500000001,,,,,,16.77015,,,,,,,,,,,,,,,,
148,11636,11636,Monserud1999,Priest River Experimental Forest,48.35167,-116.835,TempF,,,,,Pinus ponderosa,Pinus ponderosa,Pinaceae,EG,FW,3.0,,95.0,157.255473,,0.10031556900000001,0.0336119,,,,,,,,0.165973552,,10.04167366,96.38824395,30.389999300000003,19.9399993,,0.4597,1.3,3.5756756000000003,10.45,21.2531217,,,,,,87.36908000000001,,,,,,,,,,,,,,,,
149,11637,11637,Monserud1999,Priest River Experimental Forest,48.35167,-116.835,TempF,,,,,Pinus ponderosa,Pinus ponderosa,Pinaceae,EG,FW,3.0,,95.0,128.0724658,,0.063509651,0.021001547000000002,,,,,,,,0.09648636099999999,,9.685374885,104.5177392,28.39999855,16.75999855,,0.3505,1.3,3.5116666,11.64,16.630768300000003,,,,,,51.09006,,,,,,,,,,,,,,,,
150,11638,11638,Monserud1999,Priest River Experimental Forest,48.35167,-116.835,TempF,,,,,Pinus ponderosa,Pinus ponderosa,Pinaceae,EG,FW,2.0,,95.0,46.833444799999995,,0.028264123999999998,0.007531772,,,,,,,,0.044787676,,3.848597172,33.53121868,23.38000056,17.56000056,,0.2388,1.3,2.2136364,5.82,6.3934258,,,,,,13.983429999999998,,,,,,,,,,,,,,,,
151,11639,11639,Monserud1999,Priest River Experimental Forest,48.35167,-116.835,TempF,,,,,Pinus ponderosa,Pinus ponderosa,Pinaceae,EG,FW,3.0,,95.0,310.87643510000004,,0.19369568,0.125186183,,,,,,,,0.284631436,,25.19881962,295.5185878,31.72999928,11.21999928,,0.602,1.3,5.6642858,20.51,42.782548,,,,,,408.33826,,,,,,,,,,,,,,,,
152,11640,11640,Monserud1999,Priest River Experimental Forest,48.35167,-116.835,TempF,,,,,Pinus ponderosa,Pinus ponderosa,Pinaceae,EG,FW,3.0,,95.0,52.78337532,,0.008799600999999999,0.00714084,,,,,,,,0.012173868000000001,,5.939573611,35.6823642,7.360000515,2.640000515,,0.1245,1.3,2.75,4.72,7.2141978,,,,,,16.98648,,,,,,,,,,,,,,,,
153,11641,11641,Monserud1999,Priest River Experimental Forest,48.35167,-116.835,TempF,,,,,Pinus ponderosa,Pinus ponderosa,Pinaceae,EG,FW,3.0,,95.0,6.22175296,,0.001512677,0.001764004,,,,,,,,0.0018322479999999999,,0.833228912,7.973013104,3.5699998319999997,0.569999832,,0.0483,1.3,1.03,3.0,0.8083520000000001,,,,,,1.7781,,,,,,,,,,,,,,,,
154,11642,11642,Monserud1999,Priest River Experimental Forest,48.35167,-116.835,TempF,,,,,Pinus ponderosa,Pinus ponderosa,Pinaceae,EG,FW,3.0,,95.0,970.3384874,,0.272612487,0.191791089,,,,,,,,0.391581625,,36.51395132,434.1376199,31.92999734,6.87999734,,0.7061,1.3,6.8184314,25.05,135.1467377,,,,,,1182.42222,,,,,,,,,,,,,,,,
155,11643,11643,Monserud1999,Priest River Experimental Forest,48.35167,-116.835,TempF,,,,,Pinus ponderosa,Pinus ponderosa,Pinaceae,EG,FW,3.0,,95.0,36.52341192,,,0.0076709840000000005,,,,,,,,0.010260825999999999,,4.85651801,33.87493088,6.919999749,1.829999749,,0.1143,1.3,2.4866666,5.09,4.8066295,,,,,,9.251510000000001,,,,,,,,,,,,,,,,
156,11644,11644,Monserud1999,Priest River Experimental Forest,48.35167,-116.835,TempF,,,,,Pinus ponderosa,Pinus ponderosa,Pinaceae,EG,FW,3.0,,95.0,34.20449008,,0.006851814,0.00604678,,,,,,,,0.011196919,,3.397946614,22.41466372,5.8499994179999995,1.8599994180000001,,0.1194,1.3,2.08,3.99,4.7700144,,,,,,7.557010000000001,,,,,,,,,,,,,,,,
157,11645,11645,Monserud1999,Priest River Experimental Forest,48.35167,-116.835,TempF,,,,,Pinus ponderosa,Pinus ponderosa,Pinaceae,EG,FW,3.0,,95.0,398.96659980000004,,0.19968493,0.138523815,,,,,,,,0.284631436,,27.21627977,384.48855039999995,35.13999818,9.22999818,,0.602,1.3,5.8866666,25.91,54.38804939999999,,,,,,658.23971,,,,,,,,,,,,,,,,
158,12163,12163,OHara1995,"western Montana, USA",46.858000000000004,-113.984,TempF,,,habitat = ; strata = C,,Pinus ponderosa,Pinus ponderosa,Pinaceae,EG,FW,0.0,,,1.51,,7.54e-05,,,,,,,,,0.000324292786622399,,,,1.76,0.42,,0.020319999999999998,1.4,,1.34,,,,,,,,,,,,,,,,,,,,,,,
159,12164,12164,OHara1995,"western Montana, USA",46.858000000000004,-113.984,TempF,,,habitat = pse/vac; strata = D,,Pinus ponderosa,Pinus ponderosa,Pinaceae,EG,FW,2.0,,,0.4,,9.852e-05,,,,,,,,,0.000182414692475099,,,,2.56,1.7,,0.01524,1.4,,0.86,,,,,,,,,,,,,,,,,,,,,,,
160,12165,12165,OHara1995,"western Montana, USA",46.858000000000004,-113.984,TempF,,,habitat = ; strata = D,,Pinus ponderosa,Pinus ponderosa,Pinaceae,EG,FW,0.0,,,0.73,,9.896e-05,,,,,,,,,0.000126676869774374,,,,2.01,0.41,,0.0127,1.4,,1.6,,,,,,,,,,,,,,,,,,,,,,,
161,12166,12166,OHara1995,"western Montana, USA",46.858000000000004,-113.984,TempF,,,"habitat = ""; strata = C",,Pinus ponderosa,Pinus ponderosa,Pinaceae,EG,FW,0.0,,,0.99,,0.00010996,,,,,,,,,0.000182414692475099,,,,1.81,0.78,,0.01524,1.4,,1.03,,,,,,,,,,,,,,,,,,,,,,,
162,12167,12167,OHara1995,"western Montana, USA",46.858000000000004,-113.984,TempF,,,habitat = pse/sya; strata = D,,Pinus ponderosa,Pinus ponderosa,Pinaceae,EG,FW,2.0,,,3.06,,0.00025133,,,,,,,,,0.000410433058068973,,,,1.75,0.14,,0.02286,1.4,,1.61,,,,,,,,,,,,,,,,,,,,,,,
163,12168,12168,OHara1995,"western Montana, USA",46.858000000000004,-113.984,TempF,,,"habitat = ""; strata = C",,Pinus ponderosa,Pinus ponderosa,Pinaceae,EG,FW,0.0,,,2.06,,0.00025133,,,,,,,,,0.000324292786622399,,,,1.98,0.61,,0.020319999999999998,1.4,,1.37,,,,,,,,,,,,,,,,,,,,,,,
164,12169,12169,OHara1995,"western Montana, USA",46.858000000000004,-113.984,TempF,,,habitat = pse/sya; strata = D,,Pinus ponderosa,Pinus ponderosa,Pinaceae,EG,FW,1.0,,,2.91,,0.00046653,,,,,,,,,0.000729658769900397,,,,2.54,0.93,,0.03048,1.4,,1.61,,,,,,,,,,,,,,,,,,,,,,,
165,12170,12170,OHara1995,"western Montana, USA",46.858000000000004,-113.984,TempF,,,habitat = (lick creek); strata = D,,Pinus ponderosa,Pinus ponderosa,Pinaceae,EG,FW,1.0,,,3.15,,0.00048773,,,,,,,,,0.000729658769900397,,,,2.82,0.95,,0.03048,1.4,,1.87,,,,,,,,,,,,,,,,,,,,,,,
166,12171,12171,OHara1995,"western Montana, USA",46.858000000000004,-113.984,TempF,,,habitat = pse/vac; strata = D,,Pinus ponderosa,Pinus ponderosa,Pinaceae,EG,FW,2.0,,,4.7,,0.00096211,,,,,,,,,0.00202682991638999,,,,2.92,1.7,,0.0508,1.4,,1.22,,,,,,,,,,,,,,,,,,,,,,,
167,12172,12172,OHara1995,"western Montana, USA",46.858000000000004,-113.984,TempF,,,"habitat = ""; strata = B",,Pinus ponderosa,Pinus ponderosa,Pinaceae,EG,FW,1.0,,,13.5,,0.00115925,,,,,,,,,0.00129717114648959,,,,2.94,0.66,,0.040639999999999996,1.4,,2.28,,,,,,,,,,,,,,,,,,,,,,,
168,12173,12173,OHara1995,"western Montana, USA",46.858000000000004,-113.984,TempF,,,habitat = ; strata = D,,Pinus ponderosa,Pinus ponderosa,Pinaceae,EG,FW,1.0,,,9.36,,0.00127065,,,,,,,,,0.00182921399954197,,,,3.4,1.27,,0.048260000000000004,1.4,,2.13,,,,,,,,,,,,,,,,,,,,,,,
169,12174,12174,OHara1995,"western Montana, USA",46.858000000000004,-113.984,TempF,,,habitat = pse/sya; strata = D,,Pinus ponderosa,Pinus ponderosa,Pinaceae,EG,FW,2.0,,,8.81,,0.00132889,,,,,,,,,0.00182921399954197,,,,2.77,0.2,,0.048260000000000004,1.4,,2.57,,,,,,,,,,,,,,,,,,,,,,,
170,12175,12175,OHara1995,"western Montana, USA",46.858000000000004,-113.984,TempF,,,habitat = pse/sya; strata = D,,Pinus ponderosa,Pinus ponderosa,Pinaceae,EG,FW,1.0,,,12.59,,0.00142494,,,,,,,,,0.00164173223227589,,,,3.43,0.41,,0.04572,1.4,,3.02,,,,,,,,,,,,,,,,,,,,,,,
171,12176,12176,OHara1995,"western Montana, USA",46.858000000000004,-113.984,TempF,,,habitat = pse/sya; strata = D,,Pinus ponderosa,Pinus ponderosa,Pinaceae,EG,FW,2.0,,,6.03,,0.00151346,,,,,,,,,0.00182921399954197,,,,3.48,1.04,,0.048260000000000004,1.4,,2.44,,,,,,,,,,,,,,,,,,,,,,,
172,12177,12177,OHara1995,"western Montana, USA",46.858000000000004,-113.984,TempF,,,habitat = pse/sya; strata = C,,Pinus ponderosa,Pinus ponderosa,Pinaceae,EG,FW,1.0,,,12.73,,0.00254861,,,,,,,,,0.0031669217443593602,,,,5.95,1.85,,0.0635,1.4,,4.1,,,,,,,,,,,,,,,,,,,,,,,
173,12178,12178,OHara1995,"western Montana, USA",46.858000000000004,-113.984,TempF,,,habitat = ; strata = D,,Pinus ponderosa,Pinus ponderosa,Pinaceae,EG,FW,2.0,,,9.82,,0.00266407,,,,,,,,,0.00268048256442576,,,,5.64,2.6,,0.05842000000000001,1.4,,3.04,,,,,,,,,,,,,,,,,,,,,,,
174,12179,12179,OHara1995,"western Montana, USA",46.858000000000004,-113.984,TempF,,,"habitat = ""; strata = B",,Pinus ponderosa,Pinus ponderosa,Pinaceae,EG,FW,1.0,,,18.01,,0.00340156,,,,,,,,,0.00518868458595838,,,,4.72,1.85,,0.08127999999999999,1.4,,2.87,,,,,,,,,,,,,,,,,,,,,,,
175,12180,12180,OHara1995,"western Montana, USA",46.858000000000004,-113.984,TempF,,,habitat = pse/vac; strata = D,,Pinus ponderosa,Pinus ponderosa,Pinaceae,EG,FW,2.0,,,7.09,,0.00376099,,,,,,,,,0.008517752723628941,,,,8.63,4.87,,0.10414000000000001,1.4,,3.76,,,,,,,,,,,,,,,,,,,,,,,
176,12181,12181,OHara1995,"western Montana, USA",46.858000000000004,-113.984,TempF,,,habitat = ; strata = C,,Pinus ponderosa,Pinus ponderosa,Pinaceae,EG,FW,2.0,,,24.17,,0.00387336,,,,,,,,,0.006566928929103571,,,,5.74,3.37,,0.09144,1.4,,2.37,,,,,,,,,,,,,,,,,,,,,,,
177,12182,12182,OHara1995,"western Montana, USA",46.858000000000004,-113.984,TempF,,,habitat = thinning demonstration; strata = C,,Pinus ponderosa,Pinus ponderosa,Pinaceae,EG,FW,1.0,,,27.3,,0.00417282,,,,,,,,,0.006566928929103571,,,,6.83,2.52,,0.09144,1.4,,4.31,,,,,,,,,,,,,,,,,,,,,,,
178,12183,12183,OHara1995,"western Montana, USA",46.858000000000004,-113.984,TempF,,,habitat = ; strata = C,,Pinus ponderosa,Pinus ponderosa,Pinaceae,EG,FW,1.0,,,14.7,,0.00450004,,,,,,,,,0.006566928929103571,,,,5.3,2.46,,0.09144,1.4,,2.84,,,,,,,,,,,,,,,,,,,,,,,
179,12184,12184,OHara1995,"western Montana, USA",46.858000000000004,-113.984,TempF,,,habitat = (lick creek); strata = C,,Pinus ponderosa,Pinus ponderosa,Pinaceae,EG,FW,1.0,,,27.93,,0.00460636,,,,,,,,,0.00693682538884475,,,,4.9,1.45,,0.09398,1.4,,3.45,,,,,,,,,,,,,,,,,,,,,,,
180,12185,12185,OHara1995,"western Montana, USA",46.858000000000004,-113.984,TempF,,,habitat = pse/sya/caru; strata = C,,Pinus ponderosa,Pinus ponderosa,Pinaceae,EG,FW,1.0,,,14.1,,0.00497628,,,,,,,,,0.00980985679532756,,,,8.0,3.5,,0.11175999999999998,1.4,,4.5,,,,,,,,,,,,,,,,,,,,,,,
181,12186,12186,OHara1995,"western Montana, USA",46.858000000000004,-113.984,TempF,,,habitat = pse/vac; strata = C,,Pinus ponderosa,Pinus ponderosa,Pinaceae,EG,FW,2.0,,,22.41,,0.00546288,,,,,,,,,0.007707020757072941,,,,5.77,1.82,,0.09906000000000001,1.4,,3.95,,,,,,,,,,,,,,,,,,,,,,,
182,12187,12187,OHara1995,"western Montana, USA",46.858000000000004,-113.984,TempF,,,habitat = ; strata = C,,Pinus ponderosa,Pinus ponderosa,Pinaceae,EG,FW,2.0,,,46.57,,0.00556376,,,,,,,,,0.00936902128851273,,,,6.55,1.77,,0.10922,1.4,,4.78,,,,,,,,,,,,,,,,,,,,,,,
183,12188,12188,OHara1995,"western Montana, USA",46.858000000000004,-113.984,TempF,,,habitat = ; strata = B,,Pinus ponderosa,Pinus ponderosa,Pinaceae,EG,FW,1.0,,,52.53,,0.00659118,,,,,,,,,0.0121660465731309,,,,8.05,3.7,,0.12445999999999999,1.4,,4.35,,,,,,,,,,,,,,,,,,,,,,,
184,12189,12189,OHara1995,"western Montana, USA",46.858000000000004,-113.984,TempF,,,habitat = pse/sya; strata = C,,Pinus ponderosa,Pinus ponderosa,Pinaceae,EG,FW,1.0,,,30.84,,0.00686027,,,,,,,,,0.0116745403184063,,,,8.33,1.95,,0.12192,1.4,,6.38,,,,,,,,,,,,,,,,,,,,,,,
185,12190,12190,OHara1995,"western Montana, USA",46.858000000000004,-113.984,TempF,,,habitat = pse/sya; strata = C,,Pinus ponderosa,Pinus ponderosa,Pinaceae,EG,FW,2.0,,,30.06,,0.00697069,,,,,,,,,0.0170456395968398,,,,6.53,2.6,,0.14732,1.4,,3.93,,,,,,,,,,,,,,,,,,,,,,,
186,12191,12191,OHara1995,"western Montana, USA",46.858000000000004,-113.984,TempF,,,habitat = ; strata = C,,Pinus ponderosa,Pinus ponderosa,Pinaceae,EG,FW,1.0,,,18.56,,0.00788775,,,,,,,,,0.0121660465731309,,,,11.98,6.83,,0.12445999999999999,1.4,,5.15,,,,,,,,,,,,,,,,,,,,,,,
187,12192,12192,OHara1995,"western Montana, USA",46.858000000000004,-113.984,TempF,,,habitat = pse/sya; strata = C,,Pinus ponderosa,Pinus ponderosa,Pinaceae,EG,FW,2.0,,,55.44,,0.00963957,,,,,,,,,0.0164629259958777,,,,7.44,2.12,,0.14478,1.4,,5.32,,,,,,,,,,,,,,,,,,,,,,,
188,12193,12193,OHara1995,"western Montana, USA",46.858000000000004,-113.984,TempF,,,habitat = pse/sya/caru; strata = C,,Pinus ponderosa,Pinus ponderosa,Pinaceae,EG,FW,2.0,,,36.42,,0.01009393,,,,,,,,,0.0153279012426993,,,,7.7,3.1,,0.1397,1.4,,4.6,,,,,,,,,,,,,,,,,,,,,,,
189,12194,12194,OHara1995,"western Montana, USA",46.858000000000004,-113.984,TempF,,,habitat = ; strata = C,,Pinus ponderosa,Pinus ponderosa,Pinaceae,EG,FW,2.0,,,52.82,,0.01079922,,,,,,,,,0.0194778354965078,,,,9.63,2.8,,0.15748,1.4,,6.83,,,,,,,,,,,,,,,,,,,,,,,
190,12195,12195,OHara1995,"western Montana, USA",46.858000000000004,-113.984,TempF,,,habitat = pse/sya; strata = C,,Pinus ponderosa,Pinus ponderosa,Pinaceae,EG,FW,1.0,,,38.32,,0.01241792,,,,,,,,,0.0182414692475099,,,,10.13,3.6,,0.1524,1.4,,6.53,,,,,,,,,,,,,,,,,,,,,,,
191,12196,12196,OHara1995,"western Montana, USA",46.858000000000004,-113.984,TempF,,,habitat = ; strata = C,,Pinus ponderosa,Pinus ponderosa,Pinaceae,EG,FW,2.0,,,49.11,,0.01307059,,,,,,,,,0.0255431240213049,,,,11.1,4.6,,0.18034,1.4,,6.5,,,,,,,,,,,,,,,,,,,,,,,
192,12197,12197,OHara1995,"western Montana, USA",46.858000000000004,-113.984,TempF,,,habitat = pse/sya; strata = B,,Pinus ponderosa,Pinus ponderosa,Pinaceae,EG,FW,1.0,,,39.37,,0.01501366,,,,,,,,,0.0158903465444975,,,,8.15,2.04,,0.14224,1.4,,6.11,,,,,,,,,,,,,,,,,,,,,,,
193,12198,12198,OHara1995,"western Montana, USA",46.858000000000004,-113.984,TempF,,,habitat = pse/sya; strata = B,,Pinus ponderosa,Pinus ponderosa,Pinaceae,EG,FW,2.0,,,37.03,,0.01562862,,,,,,,,,0.0227460987366867,,,,14.48,5.4,,0.17018,1.4,,9.08,,,,,,,,,,,,,,,,,,,,,,,
194,12199,12199,OHara1995,"western Montana, USA",46.858000000000004,-113.984,TempF,,,habitat = ; strata = B,,Pinus ponderosa,Pinus ponderosa,Pinaceae,EG,FW,1.0,,,34.51,,0.01573937,,,,,,,,,0.0227460987366867,,,,12.34,4.65,,0.17018,1.4,,7.69,,,,,,,,,,,,,,,,,,,,,,,
195,12200,12200,OHara1995,"western Montana, USA",46.858000000000004,-113.984,TempF,,,habitat = pse/sya/caru; strata = B,,Pinus ponderosa,Pinus ponderosa,Pinaceae,EG,FW,2.0,,,60.51,,0.01605902,,,,,,,,,0.027747301555378995,,,,15.0,7.05,,0.18796,1.4,,7.95,,,,,,,,,,,,,,,,,,,,,,,
196,12201,12201,OHara1995,"western Montana, USA",46.858000000000004,-113.984,TempF,,,habitat = pse/sya/caru; strata = C,,Pinus ponderosa,Pinus ponderosa,Pinaceae,EG,FW,1.0,,,60.92,,0.01704941,,,,,,,,,0.0270024415611056,,,,14.1,5.65,,0.18542,1.4,,8.45,,,,,,,,,,,,,,,,,,,,,,,
197,12202,12202,OHara1995,"western Montana, USA",46.858000000000004,-113.984,TempF,,,habitat = ; strata = C,,Pinus ponderosa,Pinus ponderosa,Pinaceae,EG,FW,2.0,,,92.53,,0.01739813,,,,,,,,,0.0227460987366867,,,,9.24,2.15,,0.17018,1.4,,7.09,,,,,,,,,,,,,,,,,,,,,,,
198,12203,12203,OHara1995,"western Montana, USA",46.858000000000004,-113.984,TempF,,,habitat = pse/sya; strata = B,,Pinus ponderosa,Pinus ponderosa,Pinaceae,EG,FW,2.0,,,89.61,,0.01899775,,,,,,,,,0.0255431240213049,,,,12.93,4.2,,0.18034,1.4,,8.73,,,,,,,,,,,,,,,,,,,,,,,
199,12204,12204,OHara1995,"western Montana, USA",46.858000000000004,-113.984,TempF,,,habitat = pse/sya; strata = B,,Pinus ponderosa,Pinus ponderosa,Pinaceae,EG,FW,2.0,,,81.77,,0.02001821,,,,,,,,,0.0316236137704748,,,,15.4,5.05,,0.20065999999999998,1.4,,10.35,,,,,,,,,,,,,,,,,,,,,,,
200,12205,12205,OHara1995,"western Montana, USA",46.858000000000004,-113.984,TempF,,,habitat = ; strata = B,,Pinus ponderosa,Pinus ponderosa,Pinaceae,EG,FW,1.0,,,121.01,,0.02055995,,,,,,,,,0.0308280830282918,,,,11.23,3.05,,0.19812000000000002,1.4,,8.18,,,,,,,,,,,,,,,,,,,,,,,
201,12206,12206,OHara1995,"western Montana, USA",46.858000000000004,-113.984,TempF,,,habitat = pse/sya; strata = B,,Pinus ponderosa,Pinus ponderosa,Pinaceae,EG,FW,1.0,,,66.76,,0.02096697,,,,,,,,,0.0332450777035868,,,,13.04,4.7,,0.20574,1.4,,8.34,,,,,,,,,,,,,,,,,,,,,,,
202,12207,12207,OHara1995,"western Montana, USA",46.858000000000004,-113.984,TempF,,,habitat = pse/sya/caru; strata = B,,Pinus ponderosa,Pinus ponderosa,Pinaceae,EG,FW,2.0,,,64.2,,0.02493794,,,,,,,,,0.0366096153647942,,,,16.93,9.93,,0.2159,1.4,,7.0,,,,,,,,,,,,,,,,,,,,,,,
203,12208,12208,OHara1995,"western Montana, USA",46.858000000000004,-113.984,TempF,,,habitat = pse/sya; strata = A,,Pinus ponderosa,Pinus ponderosa,Pinaceae,EG,FW,2.0,,,90.38,,0.02856456,,,,,,,,,0.0401362994193128,,,,15.67,4.55,,0.22605999999999998,1.4,,11.12,,,,,,,,,,,,,,,,,,,,,,,
204,12209,12209,OHara1995,"western Montana, USA",46.858000000000004,-113.984,TempF,,,habitat = ; strata = B,,Pinus ponderosa,Pinus ponderosa,Pinaceae,EG,FW,2.0,,,134.49,,0.03002732,,,,,,,,,0.0486641862925237,,,,15.0,5.65,,0.24891999999999997,1.4,,9.35,,,,,,,,,,,,,,,,,,,,,,,
205,12210,12210,OHara1995,"western Montana, USA",46.858000000000004,-113.984,TempF,,,habitat = psme/syal/syal; strata = B,,Pinus ponderosa,Pinus ponderosa,Pinaceae,EG,FW,1.0,,,144.89,,0.03082292,,,,,,,,,0.0635613861779901,,,,21.47,7.89,,0.28448,1.4,,13.58,,,,,,,,,,,,,,,,,,,,,,,
206,12211,12211,OHara1995,"western Montana, USA",46.858000000000004,-113.984,TempF,,,habitat = ; strata = A,,Pinus ponderosa,Pinus ponderosa,Pinaceae,EG,FW,3.0,,,74.63,,0.03131948,,,,,,,,,0.0428877210308122,,,,17.8,8.2,,0.23368000000000003,1.4,,9.6,,,,,,,,,,,,,,,,,,,,,,,
207,12212,12212,OHara1995,"western Montana, USA",46.858000000000004,-113.984,TempF,,,habitat = psme/syal/syal; strata = B,,Pinus ponderosa,Pinus ponderosa,Pinaceae,EG,FW,2.0,,,135.1,,0.04315209,,,,,,,,,0.0741870420146647,,,,20.33,9.0,,0.30734,1.4,,11.33,,,,,,,,,,,,,,,,,,,,,,,
208,12213,12213,OHara1995,"western Montana, USA",46.858000000000004,-113.984,TempF,,,habitat = pse/sya; strata = A,,Pinus ponderosa,Pinus ponderosa,Pinaceae,EG,FW,2.0,,,241.4,,0.05734781,,,,,,,,,0.08828871115794802,,,,20.73,7.13,,0.33528,1.4,,13.6,,,,,,,,,,,,,,,,,,,,,,,
209,12214,12214,OHara1995,"western Montana, USA",46.858000000000004,-113.984,TempF,,,habitat = psme/syal/syal; strata = A,,Pinus ponderosa,Pinus ponderosa,Pinaceae,EG,FW,3.0,,,370.06,,0.08988403,,,,,,,,,0.106535247480249,,,,22.07,5.1,,0.3683,1.4,,16.97,,,,,,,,,,,,,,,,,,,,,,,
210,12215,12215,OHara1995,"central Oregon, USA",43.71,-121.62700000000001,TempF,,,habitat = Pp/Bp/Ng; strata = D,,Pinus ponderosa,Pinus ponderosa,Pinaceae,EG,FW,0.0,,,1.9062,,8.796452e-05,,,,,,,,,0.000285022956992342,,,,1.75,0.62,,0.01905,1.4,,1.13,,,,,,,,,,,,,,,,,,,,,,,
211,12216,12216,OHara1995,"central Oregon, USA",43.71,-121.62700000000001,TempF,,,habitat = Pp/pg; strata = D,,Pinus ponderosa,Pinus ponderosa,Pinaceae,EG,FW,2.0,,,1.9169,,0.0001295905875,,,,,,,,,0.000214083909918693,,,,1.66,0.85,,0.01651,1.4,,0.81,,,,,,,,,,,,,,,,,,,,,,,
212,12217,12217,OHara1995,"central Oregon, USA",43.71,-121.62700000000001,TempF,,,habitat = psme/cage; strata = C,,Pinus ponderosa,Pinus ponderosa,Pinaceae,EG,FW,2.0,,,1.3979,,0.0001939931825,,,,,,,,,0.000248286664757774,,,,1.8,0.4,,0.01778,1.4,,1.4,,,,,,,,,,,,,,,,,,,,,,,
213,12218,12218,OHara1995,"central Oregon, USA",43.71,-121.62700000000001,TempF,,,habitat = Pp/Bb-menz/Ng; strata = C,,Pinus ponderosa,Pinus ponderosa,Pinaceae,EG,FW,1.0,,,1.2654,,0.00022619447999999996,,,,,,,,,0.000324292786622399,,,,2.16,0.62,,0.020319999999999998,1.4,,1.54,,,,,,,,,,,,,,,,,,,,,,,
214,12219,12219,OHara1995,"central Oregon, USA",43.71,-121.62700000000001,TempF,,,habitat = Pb/Bb/F; strata = D,,Pinus ponderosa,Pinus ponderosa,Pinaceae,EG,FW,2.0,,,2.1378,,0.000230906865,,,,,,,,,0.000248286664757774,,,,1.81,0.44,,0.01778,1.4,,1.37,,,,,,,,,,,,,,,,,,,,,,,
215,12220,12220,OHara1995,"central Oregon, USA",43.71,-121.62700000000001,TempF,,,habitat = Psme/pg; strata = D,,Pinus ponderosa,Pinus ponderosa,Pinaceae,EG,FW,0.0,,,0.9262,,0.00028038690750000004,,,,,,,,,0.000410433058068973,,,,2.8,1.0,,0.02286,1.4,,1.8,,,,,,,,,,,,,,,,,,,,,,,
216,12221,12221,OHara1995,"central Oregon, USA",43.71,-121.62700000000001,TempF,,,habitat = Pp/Bb/Ng; strata = D,,Pinus ponderosa,Pinus ponderosa,Pinaceae,EG,FW,0.0,,,2.0887,,0.0004877318475,,,,,,,,,0.000856335639674771,,,,2.85,0.94,,0.03302,1.4,,1.91,,,,,,,,,,,,,,,,,,,,,,,
217,12222,12222,OHara1995,"central Oregon, USA",43.71,-121.62700000000001,TempF,,,habitat = Pp/Bb-menz/Ng; strata = C,,Pinus ponderosa,Pinus ponderosa,Pinaceae,EG,FW,2.0,,,3.9783,,0.0004877318475,,,,,,,,,0.000856335639674771,,,,2.21,0.63,,0.03302,1.4,,1.58,,,,,,,,,,,,,,,,,,,,,,,
218,12223,12223,OHara1995,"central Oregon, USA",43.71,-121.62700000000001,TempF,,,habitat = Pp/Bb-menz/Ng; strata = D,,Pinus ponderosa,Pinus ponderosa,Pinaceae,EG,FW,0.0,,,3.194,,0.00055291984,,,,,,,,,0.000729658769900397,,,,2.37,0.83,,0.03048,1.4,,1.54,,,,,,,,,,,,,,,,,,,,,,,
219,12224,12224,OHara1995,"central Oregon, USA",43.71,-121.62700000000001,TempF,,,habitat = psme/cage; strata = C,,Pinus ponderosa,Pinus ponderosa,Pinaceae,EG,FW,2.0,,,2.1369,,0.0005599884175,,,,,,,,,0.0006131160497079719,,,,2.21,0.32,,0.027939999999999996,1.4,,1.89,,,,,,,,,,,,,,,,,,,,,,,
220,12225,12225,OHara1995,"central Oregon, USA",43.71,-121.62700000000001,TempF,,,habitat = Pp/Bb/Ng; strata = D,,Pinus ponderosa,Pinus ponderosa,Pinaceae,EG,FW,1.0,,,1.3249,,0.000614180845,,,,,,,,,0.000856335639674771,,,,3.55,1.37,,0.03302,1.4,,2.18,,,,,,,,,,,,,,,,,,,,,,,
221,12226,12226,OHara1995,"central Oregon, USA",43.71,-121.62700000000001,TempF,,,habitat = Pb/Bb/F; strata = D,,Pinus ponderosa,Pinus ponderosa,Pinaceae,EG,FW,2.0,,,8.1928,,0.00070371616,,,,,,,,,0.00106535247480249,,,,2.51,0.7,,0.03683,1.4,,1.81,,,,,,,,,,,,,,,,,,,,,,,
222,12227,12227,OHara1995,"central Oregon, USA",43.71,-121.62700000000001,TempF,,,habitat = Pp/pg; strata = C,,Pinus ponderosa,Pinus ponderosa,Pinaceae,EG,FW,1.0,,,2.176,,0.00085765407,,,,,,,,,0.00114009182796937,,,,2.9,1.68,,0.0381,1.4,,1.22,,,,,,,,,,,,,,,,,,,,,,,
223,12228,12228,OHara1995,"central Oregon, USA",43.71,-121.62700000000001,TempF,,,habitat = Psme/pg; strata = D,,Pinus ponderosa,Pinus ponderosa,Pinaceae,EG,FW,1.0,,,6.028,,0.0010170897629999999,,,,,,,,,0.00164173223227589,,,,3.47,1.31,,0.04572,1.4,,2.16,,,,,,,,,,,,,,,,,,,,,,,
224,12229,12229,OHara1995,"central Oregon, USA",43.71,-121.62700000000001,TempF,,,habitat = Pp/Bb/F; strata = D,,Pinus ponderosa,Pinus ponderosa,Pinaceae,EG,FW,2.0,,,4.5246,,0.001095629513,,,,,,,,,0.00155179165473609,,,,2.36,0.76,,0.04445,1.4,,1.6,,,,,,,,,,,,,,,,,,,,,,,
225,12230,12230,OHara1995,"central Oregon, USA",43.71,-121.62700000000001,TempF,,,habitat = Pp/Bb-menz/Ng; strata = D,,Pinus ponderosa,Pinus ponderosa,Pinaceae,EG,FW,2.0,,,15.0858,,0.0011160498480000001,,,,,,,,,0.00551804444737175,,,,4.49,1.43,,0.08382,1.4,,3.06,,,,,,,,,,,,,,,,,,,,,,,
226,12231,12231,OHara1995,"central Oregon, USA",43.71,-121.62700000000001,TempF,,,habitat = Pp/Bb/Ng; strata = C,,Pinus ponderosa,Pinus ponderosa,Pinaceae,EG,FW,1.0,,,2.2643,,0.0013351757500000001,,,,,,,,,0.00202682991638999,,,,3.96,1.57,,0.0508,1.4,,2.39,,,,,,,,,,,,,,,,,,,,,,,
227,12232,12232,OHara1995,"central Oregon, USA",43.71,-121.62700000000001,TempF,,,habitat = Pp/Bb/Ng; strata = D,,Pinus ponderosa,Pinus ponderosa,Pinaceae,EG,FW,1.0,,,13.4672,,0.001513460983,,,,,,,,,0.00223457998281997,,,,2.7,0.5,,0.05334,1.4,,2.2,,,,,,,,,,,,,,,,,,,,,,,
228,12233,12233,OHara1995,"central Oregon, USA",43.71,-121.62700000000001,TempF,,,habitat = psme/pg; strata = D,,Pinus ponderosa,Pinus ponderosa,Pinaceae,EG,FW,2.0,,,11.2546,,0.0018142682250000001,,,,,,,,,0.0031669217443593602,,,,3.09,1.2,,0.0635,1.4,,1.89,,,,,,,,,,,,,,,,,,,,,,,
229,12234,12234,OHara1995,"central Oregon, USA",43.71,-121.62700000000001,TempF,,,habitat = psme/cage; strata = C,,Pinus ponderosa,Pinus ponderosa,Pinaceae,EG,FW,1.0,,,8.041,,0.0022619448,,,,,,,,,0.0031669217443593602,,,,3.7,0.8,,0.0635,1.4,,2.9,,,,,,,,,,,,,,,,,,,,,,,
230,12235,12235,OHara1995,"central Oregon, USA",43.71,-121.62700000000001,TempF,,,habitat = Pp/Bb/Ng; strata = C,,Pinus ponderosa,Pinus ponderosa,Pinaceae,EG,FW,1.0,,,3.8138,,0.0022682279800000003,,,,,,,,,0.00486945887412695,,,,4.29,2.6,,0.07874,1.4,,1.69,,,,,,,,,,,,,,,,,,,,,,,
231,12236,12236,OHara1995,"central Oregon, USA",43.71,-121.62700000000001,TempF,,,habitat = Pb/Bb/F; strata = C,,Pinus ponderosa,Pinus ponderosa,Pinaceae,EG,FW,2.0,,,10.9808,,0.00230906865,,,,,,,,,0.0031669217443593602,,,,3.34,1.08,,0.0635,1.4,,2.26,,,,,,,,,,,,,,,,,,,,,,,
232,12237,12237,OHara1995,"central Oregon, USA",43.71,-121.62700000000001,TempF,,,habitat = Pp/Bb/Ng; strata = C,,Pinus ponderosa,Pinus ponderosa,Pinaceae,EG,FW,1.0,,,8.9816,,0.0025321215399999996,,,,,,,,,0.0031669217443593602,,,,3.59,1.0,,0.0635,1.4,,2.59,,,,,,,,,,,,,,,,,,,,,,,
233,12238,12238,OHara1995,"central Oregon, USA",43.71,-121.62700000000001,TempF,,,habitat = psme/cage; strata = D,,Pinus ponderosa,Pinus ponderosa,Pinaceae,EG,FW,2.0,,,12.989,,0.002536833925,,,,,,,,,0.00486945887412695,,,,3.46,1.08,,0.07874,1.4,,2.38,,,,,,,,,,,,,,,,,,,,,,,
234,12239,12239,OHara1995,"central Oregon, USA",43.71,-121.62700000000001,TempF,,,habitat = Psme/pg; strata = C,,Pinus ponderosa,Pinus ponderosa,Pinaceae,EG,FW,1.0,,,5.6342,,0.0027645992,,,,,,,,,0.00202682991638999,,,,3.89,1.27,,0.0508,1.4,,2.62,,,,,,,,,,,,,,,,,,,,,,,
235,12240,12240,OHara1995,"central Oregon, USA",43.71,-121.62700000000001,TempF,,,habitat = Pp/pg; strata = B,,Pinus ponderosa,Pinus ponderosa,Pinaceae,EG,FW,2.0,,,11.9903,,0.0028077960629999997,,,,,,,,,0.00397258663612438,,,,5.35,1.76,,0.07112,1.4,,3.59,,,,,,,,,,,,,,,,,,,,,,,
236,12241,12241,OHara1995,"central Oregon, USA",43.71,-121.62700000000001,TempF,,,habitat = Pp/Bb/F; strata = C,,Pinus ponderosa,Pinus ponderosa,Pinaceae,EG,FW,1.0,,,5.8701,,0.00299079368,,,,,,,,,0.00426140989920996,,,,14.13,2.06,,0.07366,1.4,,12.07,,,,,,,,,,,,,,,,,,,,,,,
237,12242,12242,OHara1995,"central Oregon, USA",43.71,-121.62700000000001,TempF,,,habitat = Pp/Bb/Ng; strata = C,,Pinus ponderosa,Pinus ponderosa,Pinaceae,EG,FW,2.0,,,17.207,,0.00313844841,,,,,,,,,0.00456036731187748,,,,4.97,0.98,,0.0762,1.4,,3.99,,,,,,,,,,,,,,,,,,,,,,,
238,12243,12243,OHara1995,"central Oregon, USA",43.71,-121.62700000000001,TempF,,,habitat = Pp/Bb/F; strata = D,,Pinus ponderosa,Pinus ponderosa,Pinaceae,EG,FW,2.0,,,8.4783,,0.003626180258,,,,,,,,,0.00397258663612438,,,,3.58,1.66,,0.07112,1.4,,1.92,,,,,,,,,,,,,,,,,,,,,,,
239,12244,12244,OHara1995,"central Oregon, USA",43.71,-121.62700000000001,TempF,,,habitat = Pp/Bb/Ng; strata = C,,Pinus ponderosa,Pinus ponderosa,Pinaceae,EG,FW,1.0,,,21.0187,,0.0036505275799999996,,,,,,,,,0.00486945887412695,,,,4.1,1.01,,0.07874,1.4,,3.09,,,,,,,,,,,,,,,,,,,,,,,
240,12245,12245,OHara1995,"central Oregon, USA",43.71,-121.62700000000001,TempF,,,habitat = Pp/Bp/Ng; strata = C,,Pinus ponderosa,Pinus ponderosa,Pinaceae,EG,FW,1.0,,,11.1881,,0.0041390448249999994,,,,,,,,,0.006566928929103571,,,,5.4,2.25,,0.09144,1.4,,3.15,,,,,,,,,,,,,,,,,,,,,,,
241,12246,12246,OHara1995,"central Oregon, USA",43.71,-121.62700000000001,TempF,,,habitat = Pp/Bb-menz/Ng; strata = B,,Pinus ponderosa,Pinus ponderosa,Pinaceae,EG,FW,1.0,,,15.6679,,0.0046181373,,,,,,,,,0.0102608264517243,,,,8.78,4.18,,0.1143,1.4,,4.6,,,,,,,,,,,,,,,,,,,,,,,
242,12247,12247,OHara1995,"central Oregon, USA",43.71,-121.62700000000001,TempF,,,habitat = Pp/Bb/F; strata = C,,Pinus ponderosa,Pinus ponderosa,Pinaceae,EG,FW,2.0,,,16.874000000000002,,0.004700604038,,,,,,,,,0.007707020757072941,,,,4.1,1.02,,0.09906000000000001,1.4,,3.08,,,,,,,,,,,,,,,,,,,,,,,
243,12248,12248,OHara1995,"central Oregon, USA",43.71,-121.62700000000001,TempF,,,habitat = Pb/Bb/F; strata = C,,Pinus ponderosa,Pinus ponderosa,Pinaceae,EG,FW,1.0,,,10.434000000000001,,0.00511450852,,,,,,,,,0.00397258663612438,,,,5.7,2.0,,0.07112,1.4,,3.7,,,,,,,,,,,,,,,,,,,,,,,
244,12249,12249,OHara1995,"central Oregon, USA",43.71,-121.62700000000001,TempF,,,habitat = Pp/Bp/Ng; strata = C,,Pinus ponderosa,Pinus ponderosa,Pinaceae,EG,FW,1.0,,,11.8606,,0.006283965398,,,,,,,,,0.0116745403184063,,,,11.68,6.47,,0.12192,1.4,,5.21,,,,,,,,,,,,,,,,,,,,,,,
245,12250,12250,OHara1995,"central Oregon, USA",43.71,-121.62700000000001,TempF,,,habitat = Psme/pg; strata = C,,Pinus ponderosa,Pinus ponderosa,Pinaceae,EG,FW,1.0,,,24.1791,,0.00688950687,,,,,,,,,0.0111931682132637,,,,6.65,1.87,,0.11938,1.4,,4.78,,,,,,,,,,,,,,,,,,,,,,,
246,12251,12251,OHara1995,"central Oregon, USA",43.71,-121.62700000000001,TempF,,,habitat = Pp/Bb/Ng; strata = C,,Pinus ponderosa,Pinus ponderosa,Pinaceae,EG,FW,1.0,,,18.6691,,0.0077283114,,,,,,,,,0.0142334130878487,,,,7.13,2.04,,0.13462000000000002,1.4,,5.09,,,,,,,,,,,,,,,,,,,,,,,
247,12252,12252,OHara1995,"central Oregon, USA",43.71,-121.62700000000001,TempF,,,habitat = Pp/Bb/F; strata = C,,Pinus ponderosa,Pinus ponderosa,Pinaceae,EG,FW,1.0,,,23.3202,,0.0079482227,,,,,,,,,0.0107219302577031,,,,8.02,3.29,,0.11684000000000001,1.4,,4.73,,,,,,,,,,,,,,,,,,,,,,,
248,12253,12253,OHara1995,"central Oregon, USA",43.71,-121.62700000000001,TempF,,,habitat = Pp/Bb/F; strata = C,,Pinus ponderosa,Pinus ponderosa,Pinaceae,EG,FW,1.0,,,24.6626,,0.00918600916,,,,,,,,,0.0158903465444975,,,,9.64,4.03,,0.14224,1.4,,5.61,,,,,,,,,,,,,,,,,,,,,,,
249,12254,12254,OHara1995,"central Oregon, USA",43.71,-121.62700000000001,TempF,,,habitat = Pp/Bb-menz/Ng; strata = C,,Pinus ponderosa,Pinus ponderosa,Pinaceae,EG,FW,2.0,,,40.3689,,0.0095818495,,,,,,,,,0.0201112198453797,,,,9.5,2.57,,0.16002,1.4,,6.93,,,,,,,,,,,,,,,,,,,,,,,
250,12255,12255,OHara1995,"central Oregon, USA",43.71,-121.62700000000001,TempF,,,habitat = Psme/pg; strata = C,,Pinus ponderosa,Pinus ponderosa,Pinaceae,EG,FW,1.0,,,20.2939,,0.010681406000000001,,,,,,,,,0.0142334130878487,,,,6.56,1.6,,0.13462000000000002,1.4,,4.96,,,,,,,,,,,,,,,,,,,,,,,
251,12256,12256,OHara1995,"central Oregon, USA",43.71,-121.62700000000001,TempF,,,habitat = psme/cage; strata = C,,Pinus ponderosa,Pinus ponderosa,Pinaceae,EG,FW,1.0,,,24.5773,,0.010807855,,,,,,,,,0.0158903465444975,,,,8.11,2.86,,0.14224,1.4,,5.25,,,,,,,,,,,,,,,,,,,,,,,
252,12257,12257,OHara1995,"central Oregon, USA",43.71,-121.62700000000001,TempF,,,habitat = Pp/pg; strata = B,,Pinus ponderosa,Pinus ponderosa,Pinaceae,EG,FW,2.0,,,21.2122,,0.01172205769,,,,,,,,,0.0111931682132637,,,,6.82,2.41,,0.11938,1.4,,4.41,,,,,,,,,,,,,,,,,,,,,,,
253,12258,12258,OHara1995,"central Oregon, USA",43.71,-121.62700000000001,TempF,,,habitat = Pp/Bb/Ng; strata = C,,Pinus ponderosa,Pinus ponderosa,Pinaceae,EG,FW,2.0,,,37.2952,,0.012521592340000002,,,,,,,,,0.0164629259958777,,,,7.05,1.83,,0.14478,1.4,,5.22,,,,,,,,,,,,,,,,,,,,,,,
254,12259,12259,OHara1995,"central Oregon, USA",43.71,-121.62700000000001,TempF,,,habitat = psme/pg; strata = C,,Pinus ponderosa,Pinus ponderosa,Pinaceae,EG,FW,2.0,,,33.4943,,0.01342558487,,,,,,,,,0.0194778354965078,,,,11.73,3.47,,0.15748,1.4,,8.26,,,,,,,,,,,,,,,,,,,,,,,
255,12260,12260,OHara1995,"central Oregon, USA",43.71,-121.62700000000001,TempF,,,habitat = Pp/pg; strata = C,,Pinus ponderosa,Pinus ponderosa,Pinaceae,EG,FW,2.0,,,42.1508,,0.01547311615,,,,,,,,,0.0270024415611056,,,,10.8,5.34,,0.18542,1.4,,5.46,,,,,,,,,,,,,,,,,,,,,,,
256,12261,12261,OHara1995,"central Oregon, USA",43.71,-121.62700000000001,TempF,,,habitat = Pp/Bb/Ng; strata = B,,Pinus ponderosa,Pinus ponderosa,Pinaceae,EG,FW,2.0,,,56.4633,,0.0162734362,,,,,,,,,0.0292674239926715,,,,13.48,3.38,,0.19304000000000002,1.4,,10.1,,,,,,,,,,,,,,,,,,,,,,,
257,12262,12262,OHara1995,"central Oregon, USA",43.71,-121.62700000000001,TempF,,,habitat = Pp/Bb/Ng; strata = C,,Pinus ponderosa,Pinus ponderosa,Pinaceae,EG,FW,1.0,,,68.8407,,0.0182526379,,,,,,,,,0.0262677157164143,,,,10.49,2.34,,0.18288,1.4,,8.15,,,,,,,,,,,,,,,,,,,,,,,
258,12263,12263,OHara1995,"central Oregon, USA",43.71,-121.62700000000001,TempF,,,habitat = Pp/Bb-menz/Ng; strata = B,,Pinus ponderosa,Pinus ponderosa,Pinaceae,EG,FW,1.0,,,54.3702,,0.01939931825,,,,,,,,,0.0285022956992343,,,,12.9,4.36,,0.1905,1.4,,8.54,,,,,,,,,,,,,,,,,,,,,,,
259,12264,12264,OHara1995,"central Oregon, USA",43.71,-121.62700000000001,TempF,,,habitat = Pp/Bb-menz/Ng; strata = B,,Pinus ponderosa,Pinus ponderosa,Pinaceae,EG,FW,1.0,,,84.3967,,0.020160368430000002,,,,,,,,,0.0366958063069887,,,,14.46,3.18,,0.21615399999999999,1.4,,11.28,,,,,,,,,,,,,,,,,,,,,,,
260,12265,12265,OHara1995,"central Oregon, USA",43.71,-121.62700000000001,TempF,,,habitat = Pp/Bb/F; strata = B,,Pinus ponderosa,Pinus ponderosa,Pinaceae,EG,FW,2.0,,,55.2121,,0.02052714906,,,,,,,,,0.0383526890928896,,,,12.91,3.58,,0.22098,1.4,,9.33,,,,,,,,,,,,,,,,,,,,,,,
261,12266,12266,OHara1995,"central Oregon, USA",43.71,-121.62700000000001,TempF,,,habitat = Psme/pg; strata = B,,Pinus ponderosa,Pinus ponderosa,Pinaceae,EG,FW,2.0,,,62.4159,,0.02774416669,,,,,,,,,0.0438251298671426,,,,11.66,3.48,,0.23621999999999999,1.4,,8.18,,,,,,,,,,,,,,,,,,,,,,,
262,12267,12267,OHara1995,"central Oregon, USA",43.71,-121.62700000000001,TempF,,,habitat = Pp/Bb/F; strata = C,,Pinus ponderosa,Pinus ponderosa,Pinaceae,EG,FW,2.0,,,104.4655,,0.027796788319999998,,,,,,,,,0.0401362994193128,,,,11.57,3.13,,0.22605999999999998,1.4,,8.44,,,,,,,,,,,,,,,,,,,,,,,
263,12268,12268,OHara1995,"central Oregon, USA",43.71,-121.62700000000001,TempF,,,habitat = Pp/Bb/Ng; strata = B,,Pinus ponderosa,Pinus ponderosa,Pinaceae,EG,FW,2.0,,,48.3518,,0.029591233110000004,,,,,,,,,0.0392394271813102,,,,12.89,5.15,,0.22351999999999997,1.4,,7.74,,,,,,,,,,,,,,,,,,,,,,,
264,12269,12269,OHara1995,"central Oregon, USA",43.71,-121.62700000000001,TempF,,,habitat = Pb/Bb/F; strata = B,,Pinus ponderosa,Pinus ponderosa,Pinaceae,EG,FW,2.0,,,177.2331,,0.02982625546,,,,,,,,,0.0670120641106441,,,,18.5,5.65,,0.2921,1.4,,12.85,,,,,,,,,,,,,,,,,,,,,,,
265,12270,12270,OHara1995,"central Oregon, USA",43.71,-121.62700000000001,TempF,,,habitat = Pp/Bp/Ng; strata = C,,Pinus ponderosa,Pinus ponderosa,Pinaceae,EG,FW,2.0,,,104.7661,,0.03137663013,,,,,,,,,0.0447726728530549,,,,10.2,2.1,,0.23876,1.4,,8.1,,,,,,,,,,,,,,,,,,,,,,,
266,12271,12271,OHara1995,"central Oregon, USA",43.71,-121.62700000000001,TempF,,,habitat = Pp/Bb/Ng; strata = B,,Pinus ponderosa,Pinus ponderosa,Pinaceae,EG,FW,2.0,,,72.2125,,0.0358785286,,,,,,,,,0.0548054809391854,,,,14.03,4.2,,0.26416,1.4,,9.83,,,,,,,,,,,,,,,,,,,,,,,
267,12272,12272,OHara1995,"central Oregon, USA",43.71,-121.62700000000001,TempF,,,habitat = psme/cage; strata = C,,Pinus ponderosa,Pinus ponderosa,Pinaceae,EG,FW,2.0,,,122.5351,,0.03666942388,,,,,,,,,0.0419604463440638,,,,12.9,2.95,,0.23114,1.4,,9.95,,,,,,,,,,,,,,,,,,,,,,,
268,12273,12273,OHara1995,"central Oregon, USA",43.71,-121.62700000000001,TempF,,,habitat = Pp/Bb-menz/Ng; strata = B,,Pinus ponderosa,Pinus ponderosa,Pinaceae,EG,FW,2.0,,,132.5742,,0.054719429220000004,,,,,,,,,0.0766597745126604,,,,17.95,4.61,,0.31242,1.4,,13.34,,,,,,,,,,,,,,,,,,,,,,,
269,12274,12274,OHara1995,"central Oregon, USA",43.71,-121.62700000000001,TempF,,,habitat = Pp/Bb/Ng; strata = B,,Pinus ponderosa,Pinus ponderosa,Pinaceae,EG,FW,3.0,,,134.6993,,0.06144007562999999,,,,,,,,,0.0951039267518094,,,,14.53,4.98,,0.34798,1.4,,9.55,,,,,,,,,,,,,,,,,,,,,,,
270,12275,12275,OHara1995,"central Oregon, USA",43.71,-121.62700000000001,TempF,,,habitat = psme/cage; strata = B,,Pinus ponderosa,Pinus ponderosa,Pinaceae,EG,FW,2.0,,,287.5394,,0.06317187712,,,,,,,,,0.0923474380655189,,,,20.1,2.7,,0.3429,1.4,,17.4,,,,,,,,,,,,,,,,,,,,,,,
271,12276,12276,OHara1995,"central Oregon, USA",43.71,-121.62700000000001,TempF,,,habitat = Pp/Bp/Ng; strata = B,,Pinus ponderosa,Pinus ponderosa,Pinaceae,EG,FW,2.0,,,271.1232,,0.08099411718999999,,,,,,,,,0.121736471853174,,,,20.15,3.7,,0.3937,1.4,,16.45,,,,,,,,,,,,,,,,,,,,,,,
